__run_id,__done,llm,language,problem,prompt,energy_usage_dram,energy_usage_package,energy_usage_pp0,energy_usage_pp1,cpu_usage_0,cpu_usage_1,cpu_usage_2,cpu_usage_3,cpu_usage_4,cpu_usage_5,cpu_usage_6,cpu_usage_7,cpu_usage_8,cpu_usage_9,cpu_usage_10,cpu_usage_11,memory_usage,execution_time,machine_code_size
run_0_repetition_0,DONE,ChatGPT,cpp,PS,OG,2319.477,12969.002,5187.382,1906.928,9.804,7.302,5.714,5.714,5.714,7.302,7.619,5.714,5.714,5.714,5.882,3.922,2254979072.0,200,"4853
"
run_1_repetition_0,DONE,ChatGPT,cpp,PS,EE,2327.97,13018.776,5200.081,1907.697,7.619,5.882,8.081,5.882,5.882,6.061,4.04,5.882,5.882,13.333,2.083,5.882,2244319914.667,201,"4846
"
run_2_repetition_0,DONE,ChatGPT,cpp,SR,OG,2336.359,13066.685,5211.539,1908.458,7.407,5.556,5.714,5.714,5.556,9.804,7.407,5.556,5.714,5.714,5.714,5.714,2234387114.667,201,"1433
"
run_3_repetition_0,DONE,ChatGPT,cpp,SR,EE,2344.71,13113.752,5222.289,1909.17,5.628,7.619,6.061,7.619,5.714,12.613,7.619,5.882,5.882,5.882,4.04,7.619,2249850880.0,200,"1445
"
run_4_repetition_0,DONE,ChatGPT,haskell,PS,OG,2355.385,13194.986,5256.983,1909.916,6.061,13.709,7.843,6.061,6.061,11.061,7.843,4.167,6.061,7.648,6.061,5.882,2262186666.667,201,"2100663
"
run_5_repetition_0,DONE,ChatGPT,haskell,PS,EE,2366.1,13277.108,5292.228,1910.617,7.407,7.407,7.619,5.714,5.714,7.619,5.714,12.963,8.922,5.714,5.714,5.714,2236751872.0,201,"2100104
"
run_6_repetition_0,DONE,ChatGPT,haskell,SR,OG,2378.119,13378.929,5341.138,1911.336,12.834,5.714,5.882,7.407,5.628,3.922,5.882,5.714,3.922,5.882,7.407,7.407,2235636394.667,200,"3306900
"
run_7_repetition_0,DONE,ChatGPT,haskell,SR,EE,2390.088,13480.221,5389.773,1912.087,7.619,7.619,5.882,5.882,7.619,7.47,5.714,5.882,11.765,5.882,5.882,5.882,2257403904.0,201,"3307184
"
run_8_repetition_0,DONE,Gemini,cpp,PS,OG,2398.579,13529.225,5401.903,1912.782,5.714,12.944,5.714,7.302,5.882,7.407,5.714,7.407,5.882,7.407,7.407,5.714,2267254784.0,201,"4880
"
run_9_repetition_0,DONE,Gemini,cpp,PS,EE,2407.039,13577.859,5413.762,1913.532,5.714,5.714,7.302,5.882,7.407,7.407,5.714,11.429,5.714,7.407,9.009,9.009,2238185472.0,201,"4317
"
run_10_repetition_0,DONE,Gemini,cpp,SR,OG,2415.384,13625.103,5424.728,1914.241,6.061,6.061,4.04,6.061,6.061,21.672,5.882,6.061,12.121,4.04,6.061,6.061,2221914794.667,200,"1662
"
run_11_repetition_0,DONE,Gemini,cpp,SR,EE,2423.722,13672.139,5435.558,1914.952,4.167,5.882,5.882,6.061,11.429,6.061,7.843,6.061,7.619,5.882,6.061,5.882,2234266965.333,201,"1389
"
run_12_repetition_0,DONE,Gemini,haskell,PS,OG,2433.744,13743.95,5463.725,1915.665,76.453,2.778,2.083,2.083,2.778,2.143,2.083,2.143,2.778,4.167,2.738,2.083,2234413056.0,1201,"1307653
"
run_13_repetition_0,DONE,Gemini,haskell,PS,EE,2444.684,13830.028,5501.861,1916.362,9.524,7.843,10.916,5.882,5.882,7.619,7.407,5.714,7.619,4.04,5.714,7.619,2250133504.0,201,"2113875
"
run_14_repetition_0,DONE,Gemini,haskell,SR,OG,2456.622,13930.562,5549.934,1917.029,5.556,5.556,7.207,7.207,12.281,7.302,5.556,9.009,5.556,5.556,7.207,5.556,2236484266.667,201,"3307134
"
run_15_repetition_0,DONE,Gemini,haskell,SR,EE,2468.572,14031.753,5598.576,1917.718,9.524,5.714,5.714,7.407,7.407,3.922,7.407,7.407,7.407,5.714,7.407,5.714,2242596864.0,201,"3304909
"
run_16_repetition_0,DONE,Claude,cpp,PS,OG,2477.087,14081.119,5611.02,1918.425,11.765,5.882,5.882,5.882,5.882,5.714,5.882,7.619,5.628,5.882,7.619,5.882,2233229312.0,200,"4853
"
run_17_repetition_0,DONE,Claude,cpp,PS,EE,2485.539,14129.386,5622.634,1919.175,11.111,5.556,5.556,7.143,7.207,7.407,5.714,5.556,7.207,3.81,7.207,7.207,2246922240.0,201,"2313
"
run_18_repetition_0,DONE,Claude,cpp,SR,OG,2493.897,14176.4,5633.332,1919.888,5.556,7.018,5.405,7.143,7.143,12.281,7.207,7.207,7.407,3.81,5.556,5.556,2243828394.667,201,"1733
"
run_19_repetition_0,DONE,Claude,cpp,SR,EE,2502.325,14224.19,5644.563,1920.613,5.556,7.407,5.556,11.429,5.714,7.407,5.556,5.556,5.714,7.407,5.714,5.556,2251874304.0,201,"2868
"
run_20_repetition_0,DONE,Claude,haskell,PS,OG,2512.318,14295.462,5672.314,1921.304,2.768,4.286,1.471,6.01,2.143,4.605,2.143,2.143,2.143,71.042,2.143,2.143,2249581056.0,1201,"1307653
"
run_21_repetition_0,DONE,Claude,haskell,PS,EE,2523.272,14381.819,5710.763,1921.985,5.714,7.407,5.714,9.804,7.619,11.943,5.714,5.714,5.714,7.407,5.714,5.714,2244127402.667,201,"2118046
"
run_22_repetition_0,DONE,Claude,haskell,SR,OG,2535.278,14483.67,5759.886,1922.692,11.111,5.714,5.882,9.286,5.714,6.061,5.882,7.407,5.714,5.714,7.619,5.882,2232407381.333,200,"3304782
"
run_23_repetition_0,DONE,Claude,haskell,SR,EE,2547.324,14585.623,5809.007,1923.424,11.429,4.04,7.619,5.882,5.882,5.882,4.04,7.619,5.714,7.619,5.882,5.882,2229066410.667,201,"3305081
"
run_0_repetition_1,DONE,ChatGPT,cpp,PS,OG,2555.842,14634.616,5821.009,1924.166,7.619,7.619,7.619,7.619,7.843,14.795,7.843,5.882,5.882,7.843,5.882,6.061,2244330837.333,201,"4853
"
run_1_repetition_1,DONE,ChatGPT,cpp,PS,EE,2564.383,14684.002,5833.343,1924.93,7.143,7.207,5.556,5.405,11.111,5.556,5.556,7.207,5.556,7.207,5.405,7.018,2231208618.667,200,"4846
"
run_2_repetition_1,DONE,ChatGPT,cpp,SR,OG,2572.78,14731.331,5844.296,1925.692,5.714,7.407,12.963,5.714,7.407,7.619,5.714,7.407,5.882,5.714,7.407,7.407,2236114261.333,201,"1433
"
run_3_repetition_1,DONE,ChatGPT,cpp,SR,EE,2581.138,14778.637,5855.277,1926.405,9.259,7.407,11.111,3.922,5.714,8.889,5.556,7.407,5.714,5.714,5.714,7.207,2228483413.333,200,"1445
"
run_4_repetition_1,DONE,ChatGPT,haskell,PS,OG,2591.444,14855.705,5887.047,1927.104,9.524,8.081,7.843,11.765,7.843,6.061,7.843,7.619,7.843,6.061,7.619,12.232,2231701504.0,200,"2100663
"
run_5_repetition_1,DONE,ChatGPT,haskell,PS,EE,2601.84,14933.503,5919.254,1927.863,11.429,7.207,5.714,10.405,5.405,7.407,5.714,5.556,5.556,7.207,5.556,5.556,2229151061.333,201,"2100104
"
run_6_repetition_1,DONE,ChatGPT,haskell,SR,OG,2613.43,15030.308,5964.904,1928.56,5.714,7.407,5.882,9.259,7.407,7.071,7.619,4.04,5.714,7.619,9.804,5.882,2228442453.333,200,"3306900
"
run_7_repetition_1,DONE,ChatGPT,haskell,SR,EE,2625.032,15127.104,6010.47,1929.259,5.714,5.882,5.882,5.882,7.619,7.619,5.714,7.407,11.429,5.882,7.407,7.619,2231193600.0,201,"3307184
"
run_8_repetition_1,DONE,Gemini,cpp,PS,OG,2633.544,15176.177,6022.686,1929.996,5.714,7.207,7.207,5.714,7.407,5.714,5.882,5.714,5.714,7.407,11.111,7.407,2243420160.0,200,"4880
"
run_9_repetition_1,DONE,Gemini,cpp,PS,EE,2642.036,15224.925,6034.664,1930.721,7.207,7.222,5.556,5.556,5.556,5.556,7.207,5.556,5.556,11.111,5.556,5.556,2222728533.333,201,"4317
"
run_10_repetition_1,DONE,Gemini,cpp,SR,OG,2650.437,15272.564,6045.832,1931.494,5.556,20.556,7.207,7.207,5.556,8.772,7.407,5.714,7.207,5.556,7.207,11.111,2237901482.667,200,"1662
"
run_11_repetition_1,DONE,Gemini,cpp,SR,EE,2658.826,15320.331,6057.239,1932.23,5.714,7.302,5.882,5.714,5.714,5.714,7.619,5.882,9.259,5.882,11.765,5.714,2242643285.333,200,"1389
"
run_12_repetition_1,DONE,Gemini,haskell,PS,OG,2668.642,15389.705,6083.799,1932.988,1.347,74.497,2.54,2.54,1.961,2.54,2.447,1.961,4.444,3.086,2.54,2.02,2235979093.333,1401,"1307653
"
run_13_repetition_1,DONE,Gemini,haskell,PS,EE,2679.374,15473.008,6119.95,1933.662,12.619,5.882,7.619,5.882,5.882,9.259,5.882,7.619,7.619,10.101,5.882,7.843,2225947989.333,200,"2113875
"
run_14_repetition_1,DONE,Gemini,haskell,SR,OG,2691.024,15570.401,6165.876,1934.399,6.838,5.405,5.556,10.811,5.405,8.547,5.263,7.018,5.263,5.405,5.263,5.291,2223689728.0,201,"3307134
"
run_15_repetition_1,DONE,Gemini,haskell,SR,EE,2702.685,15668.124,6212.1,1935.095,7.407,7.407,7.619,5.714,7.619,5.882,5.714,11.429,5.882,7.407,7.619,7.619,2227774805.333,200,"3304909
"
run_16_repetition_1,DONE,Claude,cpp,PS,OG,2711.184,15717.589,6224.731,1935.776,5.882,11.111,5.714,5.714,5.714,9.206,5.714,7.619,7.407,3.922,5.714,5.714,2244146517.333,200,"4853
"
run_17_repetition_1,DONE,Claude,cpp,PS,EE,2719.613,15765.622,6236.269,1936.516,10.101,6.061,5.882,7.843,4.04,7.619,7.619,5.882,7.619,7.619,5.882,7.619,2252333056.0,201,"2313
"
run_18_repetition_1,DONE,Claude,cpp,SR,OG,2727.949,15812.59,6247.082,1937.235,11.111,7.407,5.714,5.882,7.619,7.47,5.882,5.714,7.407,13.352,5.714,5.882,2247614464.0,200,"1733
"
run_19_repetition_1,DONE,Claude,cpp,SR,EE,2736.352,15860.38,6258.46,1937.955,11.429,5.882,7.619,7.407,5.882,7.47,5.882,5.882,7.619,5.882,4.04,5.882,2233324885.333,201,"2868
"
run_20_repetition_1,DONE,Claude,haskell,PS,OG,2746.122,15929.568,6284.829,1938.66,1.852,1.905,1.852,1.852,3.616,1.79,2.54,70.185,1.852,1.799,2.402,1.852,2238002517.333,1401,"1307653
"
run_21_repetition_1,DONE,Claude,haskell,PS,EE,2756.807,16012.216,6320.455,1939.381,5.882,12.121,12.619,5.882,7.843,5.882,5.882,7.619,6.061,7.843,5.882,7.619,2227945472.0,201,"2118046
"
run_22_repetition_1,DONE,Claude,haskell,SR,OG,2768.433,16109.326,6366.301,1940.072,5.714,5.714,5.714,5.714,7.207,9.206,7.407,9.009,3.922,9.804,5.714,5.714,2227354282.667,200,"3304782
"
run_23_repetition_1,DONE,Claude,haskell,SR,EE,2782.8,16247.052,6446.561,1944.902,5.882,6.061,5.882,6.061,7.619,7.648,5.882,4.04,4.04,11.765,7.843,5.882,2196148224.0,200,"3305081
"
run_0_repetition_2,DONE,ChatGPT,cpp,PS,OG,2790.441,16291.211,6457.549,1944.904,7.407,5.714,3.81,9.524,3.81,8.772,5.556,5.714,7.207,5.714,5.714,9.009,2213979477.333,201,"4853
"
run_1_repetition_2,DONE,ChatGPT,cpp,PS,EE,2798.083,16335.716,6468.543,1944.936,5.556,5.556,5.714,5.714,3.81,11.111,7.207,5.556,5.714,7.207,5.714,7.407,2222874624.0,200,"4846
"
run_2_repetition_2,DONE,ChatGPT,cpp,SR,OG,2805.573,16377.844,6478.022,1944.937,5.509,5.714,5.714,7.381,5.714,3.922,5.714,11.765,5.714,3.922,7.407,3.922,2211407189.333,200,"1433
"
run_3_repetition_2,DONE,ChatGPT,cpp,SR,EE,2813.06,16420.502,6487.829,1944.937,5.882,5.714,5.714,5.882,5.882,5.714,5.882,5.714,7.619,11.429,5.882,5.714,2192433152.0,200,"1445
"
run_4_repetition_2,DONE,ChatGPT,haskell,PS,OG,2822.483,16492.85,6519.318,1944.937,5.882,5.882,9.216,7.619,7.619,5.882,7.407,9.524,5.882,5.882,5.714,7.843,2201225898.667,200,"2100663
"
run_5_repetition_2,DONE,ChatGPT,haskell,PS,EE,2831.883,16565.349,6550.705,1944.962,5.882,6.061,9.804,7.619,7.407,5.882,7.619,5.882,7.407,8.802,5.882,3.922,2197120341.333,200,"2100104
"
run_6_repetition_2,DONE,ChatGPT,haskell,SR,OG,2842.48,16657.157,6596.429,1944.962,9.259,5.882,7.407,7.619,5.714,7.407,7.407,5.714,9.804,5.714,5.882,5.714,2195978922.667,201,"3306900
"
run_7_repetition_2,DONE,ChatGPT,haskell,SR,EE,2853.071,16748.825,6641.873,1944.963,5.882,6.061,6.061,4.167,12.121,7.843,4.04,4.167,5.882,6.061,5.882,7.843,2198560768.0,201,"3307184
"
run_8_repetition_2,DONE,Gemini,cpp,PS,OG,2860.774,16793.859,6653.524,1944.963,5.882,5.882,9.259,7.619,7.619,5.882,6.061,11.765,5.882,5.882,7.619,5.882,2208998741.333,201,"4880
"
run_9_repetition_2,DONE,Gemini,cpp,PS,EE,2868.373,16837.455,6664.075,1944.988,11.111,5.509,5.556,7.407,5.714,7.302,7.407,3.81,3.922,5.714,3.922,5.714,2217592149.333,200,"4317
"
run_10_repetition_2,DONE,Gemini,cpp,SR,OG,2875.87,16879.63,6673.648,1944.988,20.168,5.882,5.882,5.882,5.882,7.619,5.882,3.922,7.619,5.882,5.882,11.111,2215616512.0,201,"1662
"
run_11_repetition_2,DONE,Gemini,cpp,SR,EE,2883.358,16922.428,6683.629,1944.988,7.407,5.714,5.882,5.714,9.804,7.47,5.714,5.714,5.714,6.061,7.619,5.714,2199889237.333,201,"1389
"
run_12_repetition_2,DONE,Gemini,haskell,PS,OG,2892.221,16987.063,6709.574,1944.988,1.905,77.037,2.54,2.469,2.54,2.434,1.905,2.469,1.905,2.469,3.922,1.905,2198906652.444,1401,"1307653
"
run_13_repetition_2,DONE,Gemini,haskell,PS,EE,2901.981,17065.656,6745.73,1945.014,4.04,5.714,11.429,3.922,5.882,5.882,5.714,5.714,5.882,12.407,5.714,5.882,2207484586.667,200,"2113875
"
run_14_repetition_2,DONE,Gemini,haskell,SR,OG,2912.568,17157.641,6791.465,1945.014,5.882,7.619,5.882,6.061,5.882,7.843,4.04,12.121,6.061,7.619,6.061,4.04,2200464042.667,201,"3307134
"
run_15_repetition_2,DONE,Gemini,haskell,SR,EE,2923.167,17249.074,6836.84,1945.014,7.407,11.765,7.381,5.882,5.882,7.619,5.714,5.714,3.922,7.407,5.714,5.714,2202774186.667,201,"3304909
"
run_16_repetition_2,DONE,Claude,cpp,PS,OG,2930.807,17293.619,6847.976,1945.032,5.882,7.407,7.619,5.882,5.882,7.619,11.765,7.549,5.882,5.882,7.619,7.843,2191400960.0,200,"4853
"
run_17_repetition_2,DONE,Claude,cpp,PS,EE,2938.339,17336.098,6857.705,1945.039,10.101,5.882,7.619,5.714,5.882,7.619,7.619,4.04,7.619,7.619,5.882,7.619,2198496597.333,201,"2313
"
run_18_repetition_2,DONE,Claude,cpp,SR,OG,2945.82,17378.427,6867.249,1945.039,5.556,10.811,5.714,5.714,5.556,9.009,5.714,5.714,5.556,5.714,7.407,5.556,2210037760.0,200,"1733
"
run_19_repetition_2,DONE,Claude,cpp,SR,EE,2953.355,17421.16,6877.209,1945.04,7.407,5.509,7.619,5.714,5.882,5.882,11.429,5.714,3.922,5.882,5.882,7.47,2224287744.0,200,"2868
"
run_20_repetition_2,DONE,Claude,haskell,PS,OG,2962.182,17485.381,6902.846,1945.04,1.471,1.429,4.167,2.143,2.083,2.083,2.083,2.083,2.083,2.143,73.393,2.083,2211759104.0,1202,"1307653
"
run_21_repetition_2,DONE,Claude,haskell,PS,EE,2971.898,17562.991,6938.265,1945.063,11.429,8.922,3.922,3.922,5.714,5.882,5.714,5.714,5.714,3.922,5.714,7.407,2192934229.333,201,"2118046
"
run_22_repetition_2,DONE,Claude,haskell,SR,OG,2982.534,17655.345,6984.181,1945.063,9.524,7.207,7.018,5.556,5.556,5.556,7.207,7.207,7.072,7.207,7.207,3.704,2195596629.333,201,"3304782
"
run_23_repetition_2,DONE,Claude,haskell,SR,EE,2993.205,17748.761,7031.095,1945.063,7.619,4.04,5.714,9.804,3.922,5.882,5.556,4.04,5.714,5.714,5.714,5.714,2189864960.0,200,"3305081
"
run_0_repetition_3,DONE,ChatGPT,cpp,PS,OG,3000.84,17792.935,7042.012,1945.088,7.407,5.556,3.922,9.804,5.714,7.407,5.714,9.206,7.407,5.714,5.714,7.407,2209846613.333,200,"4853
"
run_1_repetition_3,DONE,ChatGPT,cpp,PS,EE,3008.474,17837.117,7053.083,1945.088,5.882,6.061,6.061,5.882,7.843,9.43,6.061,6.061,6.061,10.101,6.061,6.061,2209199445.333,201,"4846
"
run_2_repetition_3,DONE,ChatGPT,cpp,SR,OG,3015.957,17880.046,7063.217,1945.088,7.843,13.333,5.882,5.754,5.882,5.882,6.061,7.843,9.524,6.061,6.061,5.882,2199527424.0,201,"1433
"
run_3_repetition_3,DONE,ChatGPT,cpp,SR,EE,3023.453,17922.129,7072.685,1945.088,5.405,7.407,3.81,5.556,5.405,7.207,5.405,9.524,3.81,5.556,5.556,5.556,2205817514.667,200,"1445
"
run_4_repetition_3,DONE,ChatGPT,haskell,PS,OG,3032.927,17994.681,7104.059,1945.114,11.765,11.128,7.619,7.407,5.714,7.407,5.882,7.619,7.407,7.407,7.619,5.714,2197598208.0,201,"2100663
"
run_5_repetition_3,DONE,ChatGPT,haskell,PS,EE,3042.331,18067.023,7135.578,1945.115,6.061,7.843,6.061,6.061,6.061,9.394,5.882,7.843,12.121,6.061,7.843,7.843,2202113365.333,201,"2100104
"
run_6_repetition_3,DONE,ChatGPT,haskell,SR,OG,3052.996,18159.657,7181.618,1945.115,7.407,5.714,7.407,3.922,5.882,7.619,5.882,13.333,3.922,7.619,5.882,5.882,2197452117.333,201,"3306900
"
run_7_repetition_3,DONE,ChatGPT,haskell,SR,EE,3063.673,18253.339,7228.759,1945.115,7.207,7.407,5.714,7.407,5.714,11.429,7.407,5.714,7.407,7.619,7.407,7.407,2199242069.333,201,"3307184
"
run_8_repetition_3,DONE,Gemini,cpp,PS,OG,3071.327,18297.801,7240.002,1945.141,6.061,6.061,6.061,5.882,7.619,15.152,6.061,7.619,4.167,5.882,6.061,6.061,2222997504.0,201,"4880
"
run_9_repetition_3,DONE,Gemini,cpp,PS,EE,3078.905,18341.072,7250.29,1945.141,7.302,11.429,5.714,3.922,5.714,5.714,5.882,3.922,7.407,7.302,5.556,5.714,2226858666.667,200,"4317
"
run_10_repetition_3,DONE,Gemini,cpp,SR,OG,3086.407,18383.919,7260.174,1945.141,9.804,5.714,5.714,5.882,5.882,5.882,5.882,7.619,7.47,23.197,3.922,4.04,2218100053.333,201,"1662
"
run_11_repetition_3,DONE,Gemini,cpp,SR,EE,3093.9,18427.007,7270.4,1945.141,5.882,7.843,4.04,7.619,4.167,7.071,5.882,7.843,5.882,5.882,10.101,5.882,2208714752.0,201,"1389
"
run_12_repetition_3,DONE,Gemini,haskell,PS,OG,3102.762,18491.576,7296.293,1945.166,2.54,2.54,1.961,1.961,3.81,1.961,1.307,1.905,71.153,2.469,1.961,1.905,2212377486.222,1401,"1307653
"
run_13_repetition_3,DONE,Gemini,haskell,PS,EE,3112.494,18569.322,7331.678,1945.167,6.061,6.061,4.167,6.061,7.619,6.061,9.804,6.061,9.598,10.823,4.04,6.061,2195795968.0,200,"2113875
"
run_14_repetition_3,DONE,Gemini,haskell,SR,OG,3123.066,18661.383,7377.452,1945.167,5.714,5.714,7.407,7.619,5.882,7.407,9.804,5.714,5.714,3.81,5.714,3.922,2212702890.667,200,"3307134
"
run_15_repetition_3,DONE,Gemini,haskell,SR,EE,3133.707,18753.581,7423.075,1945.171,9.804,5.714,5.882,7.619,5.714,7.47,7.549,7.619,7.407,5.882,7.843,5.714,2197684224.0,200,"3304909
"
run_16_repetition_3,DONE,Claude,cpp,PS,OG,3141.325,18797.839,7434.099,1945.191,5.882,5.882,5.882,5.882,5.882,7.843,5.882,5.882,7.47,5.882,9.524,13.333,2224173056.0,201,"4853
"
run_17_repetition_3,DONE,Claude,cpp,PS,EE,3148.891,18841.586,7444.643,1945.191,7.302,7.407,5.556,9.009,5.556,11.111,7.207,5.714,7.302,5.714,7.407,5.556,2217224874.667,200,"2313
"
run_18_repetition_3,DONE,Claude,cpp,SR,OG,3156.356,18883.479,7453.896,1945.191,5.882,7.619,5.882,7.619,9.259,7.381,7.619,5.714,7.619,5.882,13.333,5.714,2214266197.333,201,"1733
"
run_19_repetition_3,DONE,Claude,cpp,SR,EE,3163.894,18927.106,7464.455,1945.191,3.81,9.524,5.714,7.207,9.009,5.714,5.714,5.714,7.407,7.407,5.714,5.714,2213344597.333,200,"2868
"
run_20_repetition_3,DONE,Claude,haskell,PS,OG,3172.712,18991.11,7489.974,1945.216,2.143,2.143,1.471,1.471,2.143,76.528,1.471,2.143,2.143,2.143,4.167,2.857,2203386880.0,1201,"1307653
"
run_21_repetition_3,DONE,Claude,haskell,PS,EE,3182.424,19070.237,7526.654,1945.217,7.619,7.407,7.619,10.714,9.259,5.882,5.714,5.714,11.429,4.04,3.922,5.882,2199061845.333,201,"2118046
"
run_22_repetition_3,DONE,Claude,haskell,SR,OG,3193.064,19162.835,7572.898,1945.217,7.381,5.714,7.407,3.922,5.714,10.101,5.714,5.714,5.714,5.714,7.407,7.407,2189373440.0,200,"3304782
"
run_23_repetition_3,DONE,Claude,haskell,SR,EE,3203.772,19256.123,7619.311,1945.242,7.381,4.04,7.619,11.765,5.882,7.619,7.619,5.882,5.714,5.882,5.882,7.619,2189358421.333,200,"3305081
"
run_0_repetition_4,DONE,ChatGPT,cpp,PS,OG,3211.456,19300.584,7630.516,1945.243,5.882,11.429,5.882,5.714,5.882,5.882,5.882,4.04,5.882,5.882,7.619,5.882,2214338560.0,200,"4853
"
run_1_repetition_4,DONE,ChatGPT,cpp,PS,EE,3219.076,19345.424,7641.835,1945.243,7.47,5.882,5.714,3.922,5.714,9.259,5.714,7.407,7.619,9.009,9.524,5.714,2215735296.0,201,"4846
"
run_2_repetition_4,DONE,ChatGPT,cpp,SR,OG,3226.558,19387.662,7651.404,1945.243,7.407,5.882,11.429,5.714,3.922,7.619,5.714,5.882,5.714,5.714,5.714,7.407,2215313408.0,201,"1433
"
run_3_repetition_4,DONE,ChatGPT,cpp,SR,EE,3234.061,19430.195,7660.958,1945.243,7.619,5.882,5.714,5.714,5.714,7.47,7.619,7.407,5.882,13.016,7.619,5.882,2212324693.333,201,"1445
"
run_4_repetition_4,DONE,ChatGPT,haskell,PS,OG,3243.498,19503.235,7692.831,1945.267,5.882,5.882,9.524,7.843,9.216,7.619,7.619,5.882,5.882,5.882,7.619,4.04,2210137429.333,201,"2100663
"
run_5_repetition_4,DONE,ChatGPT,haskell,PS,EE,3252.872,19576.366,7724.864,1945.267,5.882,3.922,7.619,5.882,9.223,7.619,5.714,11.765,7.407,5.714,5.714,7.619,2207002624.0,200,"2100104
"
run_6_repetition_4,DONE,ChatGPT,haskell,SR,OG,3263.539,19669.233,7771.19,1945.267,6.061,11.429,7.648,6.061,6.061,6.061,7.843,4.167,9.394,5.707,7.843,6.061,2197127168.0,200,"3306900
"
run_7_repetition_4,DONE,ChatGPT,haskell,SR,EE,3274.215,19762.224,7817.451,1945.292,7.407,5.882,7.619,5.714,7.407,5.882,5.714,5.714,5.714,7.619,11.111,7.407,2197028864.0,200,"3307184
"
run_8_repetition_4,DONE,Gemini,cpp,PS,OG,3281.892,19807.033,7828.864,1945.292,7.143,5.405,3.81,5.556,9.259,7.207,5.556,5.556,5.556,5.556,5.556,7.407,2224780629.333,200,"4880
"
run_9_repetition_4,DONE,Gemini,cpp,PS,EE,3289.461,19850.755,7839.285,1945.292,7.843,6.061,7.843,4.04,5.882,6.061,5.882,7.843,5.882,6.061,12.121,6.061,2222452736.0,200,"4317
"
run_10_repetition_4,DONE,Gemini,cpp,SR,OG,3296.948,19893.763,7849.455,1945.293,20.882,5.882,5.714,9.259,5.882,12.963,5.882,5.882,7.407,4.04,7.619,5.882,2202789205.333,200,"1662
"
run_11_repetition_4,DONE,Gemini,cpp,SR,EE,3304.46,19936.574,7859.352,1945.317,7.072,5.556,5.556,7.207,9.259,7.143,5.556,7.207,5.556,5.556,3.81,7.207,2207286613.333,200,"1389
"
run_12_repetition_4,DONE,Gemini,haskell,PS,OG,3313.327,20001.456,7885.516,1945.318,2.54,2.54,69.762,1.905,2.469,2.54,1.961,4.321,3.003,2.469,2.469,1.905,2212806200.889,1401,"1307653
"
run_13_repetition_4,DONE,Gemini,haskell,PS,EE,3323.128,20080.393,7921.479,1945.318,5.882,7.619,5.882,7.619,9.391,7.843,7.843,6.061,5.882,9.804,7.843,5.882,2197598208.0,201,"2113875
"
run_14_repetition_4,DONE,Gemini,haskell,SR,OG,3333.796,20174.077,7968.44,1945.318,7.619,5.882,7.619,5.882,5.882,5.882,5.882,11.765,5.882,5.714,3.922,5.714,2184873301.333,201,"3307134
"
run_15_repetition_4,DONE,Gemini,haskell,SR,EE,3344.465,20266.619,8014.501,1945.34,7.619,7.407,7.381,5.714,7.207,7.302,5.714,5.714,3.81,5.714,11.111,5.556,2202346837.333,201,"3304909
"
run_16_repetition_4,DONE,Claude,cpp,PS,OG,3352.12,20312.061,8026.417,1945.34,5.882,7.843,7.619,5.882,11.765,7.549,6.061,5.882,5.882,5.882,7.619,5.882,2215695701.333,201,"4853
"
run_17_repetition_4,DONE,Claude,cpp,PS,EE,3359.677,20355.256,8036.629,1945.34,3.922,5.882,7.407,5.714,7.619,5.714,7.619,7.619,9.804,5.714,5.714,5.714,2211112277.333,201,"2313
"
run_18_repetition_4,DONE,Claude,cpp,SR,OG,3367.191,20398.275,8046.666,1945.34,5.714,11.429,7.619,5.714,5.714,5.882,5.714,5.882,5.714,7.407,5.882,7.302,2210914304.0,200,"1733
"
run_19_repetition_4,DONE,Claude,cpp,SR,EE,3374.735,20441.291,8056.718,1945.366,5.714,5.714,5.714,9.259,5.714,5.714,5.714,5.714,5.714,5.714,11.429,5.882,2211429034.667,201,"2868
"
run_20_repetition_4,DONE,Claude,haskell,PS,OG,3383.665,20506.212,8082.957,1945.366,1.961,5.464,3.571,2.54,3.671,4.168,3.896,3.025,6.075,71.252,3.651,3.774,2209256334.222,1401,"1307653
"
run_21_repetition_4,DONE,Claude,haskell,PS,EE,3393.401,20584.35,8118.474,1945.366,11.616,8.772,5.556,7.207,5.556,12.281,7.407,7.143,5.556,7.407,7.207,5.556,2208829440.0,200,"2118046
"
run_22_repetition_4,DONE,Claude,haskell,SR,OG,3404.09,20677.749,8165.091,1945.366,7.843,9.804,7.619,5.714,5.882,5.714,5.882,5.882,5.882,5.882,7.843,5.714,2189553664.0,201,"3304782
"
run_23_repetition_4,DONE,Claude,haskell,SR,EE,3414.898,20772.707,8212.995,1945.391,7.302,5.714,5.714,5.714,9.259,5.714,3.922,5.714,3.922,5.556,7.207,5.714,2200733013.333,201,"3305081
"
run_0_repetition_5,DONE,ChatGPT,cpp,PS,OG,3422.528,20817.47,8224.278,1945.391,5.882,9.259,9.43,5.882,5.882,7.843,5.882,11.765,5.882,7.843,5.882,7.619,2210342229.333,201,"4853
"
run_1_repetition_5,DONE,ChatGPT,cpp,PS,EE,3430.187,20861.959,8235.42,1945.391,3.922,5.714,3.922,5.714,5.714,5.714,11.429,5.714,3.922,3.922,5.714,5.714,2210107392.0,201,"4846
"
run_2_repetition_5,DONE,ChatGPT,cpp,SR,OG,3437.71,20905.009,8245.423,1945.391,6.25,6.061,6.061,7.648,6.25,7.837,12.121,7.843,6.25,6.061,7.648,6.25,2214380885.333,201,"1433
"
run_3_repetition_5,DONE,ChatGPT,cpp,SR,EE,3445.178,20946.94,8254.716,1945.415,7.843,6.061,6.061,6.061,8.081,6.061,8.333,7.619,5.882,4.04,7.619,7.619,2209536682.667,200,"1445
"
run_4_repetition_5,DONE,ChatGPT,haskell,PS,OG,3454.578,21020.154,8286.735,1945.415,10.101,5.882,10.882,5.882,9.259,5.882,7.619,7.619,5.882,7.619,7.619,5.882,2203615232.0,201,"2100663
"
run_5_repetition_5,DONE,ChatGPT,haskell,PS,EE,3463.971,21092.508,8318.157,1945.415,5.556,11.111,10.541,7.207,7.407,9.009,5.405,7.207,5.556,5.556,7.207,7.207,2207730346.667,201,"2100104
"
run_6_repetition_5,DONE,ChatGPT,haskell,SR,OG,3474.689,21186.195,8364.897,1945.441,12.613,5.882,5.882,7.619,5.882,5.882,5.882,5.882,5.882,5.714,5.882,5.714,2191149738.667,201,"3306900
"
run_7_repetition_5,DONE,ChatGPT,haskell,SR,EE,3485.341,21278.733,8411.043,1945.441,7.619,7.619,5.882,7.619,5.714,5.628,5.714,7.619,13.434,5.882,5.882,4.04,2195912021.333,201,"3307184
"
run_8_repetition_5,DONE,Gemini,cpp,PS,OG,3492.987,21323.593,8422.349,1945.441,5.556,5.556,12.613,5.556,5.556,5.556,5.556,5.556,7.207,7.207,5.556,7.207,2211543722.667,201,"4880
"
run_9_repetition_5,DONE,Gemini,cpp,PS,EE,3500.559,21367.66,8433.227,1945.441,7.407,5.882,7.619,7.407,9.009,5.714,7.407,7.407,7.407,5.714,11.391,7.407,2216419328.0,200,"4317
"
run_10_repetition_5,DONE,Gemini,cpp,SR,OG,3508.074,21410.545,8443.223,1945.467,20.714,3.81,7.207,5.556,10.811,5.556,5.714,7.207,7.207,7.407,5.714,3.81,2201351509.333,201,"1662
"
run_11_repetition_5,DONE,Gemini,cpp,SR,EE,3515.562,21452.988,8452.996,1945.468,3.922,10.811,5.556,5.556,5.556,7.407,5.556,7.207,7.143,5.714,5.556,7.207,2211676160.0,201,"1389
"
run_12_repetition_5,DONE,Gemini,haskell,PS,OG,3524.442,21518.713,8479.783,1945.468,73.782,2.402,3.81,3.003,1.852,1.27,1.852,1.852,1.852,1.905,1.852,1.852,2204445354.667,1401,"1307653
"
run_13_repetition_5,DONE,Gemini,haskell,PS,EE,3534.254,21598.313,8516.624,1945.468,12.9,7.619,5.882,5.882,5.882,10.101,5.714,5.882,9.216,5.882,5.714,4.04,2210710869.333,201,"2113875
"
run_14_repetition_5,DONE,Gemini,haskell,SR,OG,3544.948,21691.455,8562.933,1945.492,3.81,7.018,3.81,5.556,7.207,12.613,5.556,5.405,7.018,5.405,5.556,5.405,2204964181.333,200,"3307134
"
run_15_repetition_5,DONE,Gemini,haskell,SR,EE,3555.656,21784.723,8609.554,1945.492,5.714,5.882,5.714,5.714,12.963,7.381,5.882,7.619,7.619,7.619,5.714,7.47,2192997034.667,201,"3304909
"
run_16_repetition_5,DONE,Claude,cpp,PS,OG,3563.314,21829.206,8620.808,1945.493,6.061,6.061,5.882,7.619,6.061,7.843,6.061,12.004,7.549,5.882,7.843,6.061,2231543125.333,200,"4853
"
run_17_repetition_5,DONE,Claude,cpp,PS,EE,3570.843,21872.692,8631.178,1945.493,5.714,5.714,5.714,5.714,5.882,9.524,5.882,5.714,5.714,5.714,9.259,5.714,2236937557.333,200,"2313
"
run_18_repetition_5,DONE,Claude,cpp,SR,OG,3578.348,21915.536,8641.246,1945.517,6.061,5.882,5.882,11.429,7.619,5.882,5.714,5.714,7.619,7.619,7.619,5.882,2219165013.333,201,"1733
"
run_19_repetition_5,DONE,Claude,cpp,SR,EE,3585.899,21958.634,8651.399,1945.517,11.765,6.061,6.061,5.882,6.061,6.25,6.061,5.882,6.061,7.619,7.843,6.061,2201888085.333,201,"2868
"
run_20_repetition_5,DONE,Claude,haskell,PS,OG,3594.697,22022.594,8676.707,1945.517,73.571,2.143,2.143,2.778,2.143,3.373,2.143,2.143,2.206,2.143,4.286,2.778,2202438144.0,1201,"1307653
"
run_21_repetition_5,DONE,Claude,haskell,PS,EE,3604.405,22101.277,8712.89,1945.519,11.765,6.061,5.882,5.882,6.061,7.648,6.061,7.843,7.843,12.232,5.882,7.843,2201098922.667,201,"2118046
"
run_22_repetition_5,DONE,Claude,haskell,SR,OG,3615.059,22193.693,8758.876,1945.543,5.882,6.061,7.549,7.843,6.061,6.061,6.061,7.619,5.882,5.882,13.333,6.061,2209117525.333,201,"3304782
"
run_23_repetition_5,DONE,Claude,haskell,SR,EE,3625.709,22286.655,8805.226,1945.543,7.407,5.714,3.922,7.207,5.556,5.714,7.407,10.811,5.714,7.207,5.556,7.207,2203407701.333,200,"3305081
"
run_0_repetition_6,DONE,ChatGPT,cpp,PS,OG,3633.343,22330.798,8816.115,1945.543,7.619,6.061,7.619,7.619,7.619,11.765,5.882,7.619,7.843,5.882,5.882,7.843,2227290112.0,201,"4853
"
run_1_repetition_6,DONE,ChatGPT,cpp,PS,EE,3640.978,22375.298,8827.079,1945.543,5.882,5.882,11.429,5.714,3.922,5.882,5.882,5.882,7.407,7.619,7.407,5.714,2228746922.667,201,"4846
"
run_2_repetition_6,DONE,ChatGPT,cpp,SR,OG,3648.856,22430.298,8848.881,1945.568,7.843,9.009,7.407,7.407,9.259,12.857,58.243,12.477,7.619,11.429,7.407,7.407,2278408192.0,200,"1433
"
run_3_repetition_6,DONE,ChatGPT,cpp,SR,EE,3659.636,22546.435,8930.714,1945.568,6.061,6.061,6.25,6.061,9.804,35.417,6.061,6.061,37.214,6.061,12.121,9.804,2334236672.0,200,"1445
"
run_4_repetition_6,DONE,ChatGPT,haskell,PS,OG,3669.654,22632.88,8974.041,1945.568,5.714,10.811,10.556,5.714,7.407,7.619,5.714,5.714,7.207,5.714,5.714,5.714,2245929642.667,201,"2100663
"
run_5_repetition_6,DONE,ChatGPT,haskell,PS,EE,3679.048,22705.85,9005.861,1945.568,7.619,5.882,5.882,9.804,5.882,9.524,10.882,7.843,5.882,6.061,4.04,4.167,2227687424.0,200,"2100104
"
run_6_repetition_6,DONE,ChatGPT,haskell,SR,OG,3689.715,22798.642,9052.179,1945.592,7.47,7.47,7.619,7.619,7.619,12.778,5.714,7.619,6.061,4.04,7.619,5.882,2211591509.333,201,"3306900
"
run_7_repetition_6,DONE,ChatGPT,haskell,SR,EE,3700.394,22891.577,9098.336,1945.592,7.407,9.009,7.207,5.556,7.407,3.922,11.429,3.922,7.407,5.476,7.407,7.407,2224612693.333,201,"3307184
"
run_8_repetition_6,DONE,Gemini,cpp,PS,OG,3708.049,22936.69,9109.925,1945.593,7.143,7.407,5.556,5.556,5.556,7.207,5.556,5.405,5.556,5.556,5.556,11.111,2248527872.0,201,"4880
"
run_9_repetition_6,DONE,Gemini,cpp,PS,EE,3716.057,22989.691,9129.687,1945.618,5.882,11.765,7.619,7.407,7.619,5.882,7.619,5.882,5.882,5.628,3.922,5.714,2254061568.0,201,"4317
"
run_10_repetition_6,DONE,Gemini,cpp,SR,OG,3723.552,23032.405,9139.637,1945.618,7.207,5.405,7.207,7.407,7.207,22.207,5.556,5.556,7.207,9.524,5.556,7.207,2218444117.333,200,"1662
"
run_11_repetition_6,DONE,Gemini,cpp,SR,EE,3731.028,23075.755,9150.052,1945.618,7.619,5.882,5.882,5.882,7.619,5.882,5.882,7.619,5.882,11.765,5.882,7.407,2248776362.667,200,"1389
"
run_12_repetition_6,DONE,Gemini,haskell,PS,OG,3739.908,23139.883,9175.711,1945.618,2.083,2.143,4.167,2.143,2.703,2.083,2.143,8.041,2.703,75.771,4.653,1.429,2227795456.0,1201,"1307653
"
run_13_repetition_6,DONE,Gemini,haskell,PS,EE,3749.673,23219.105,9212.162,1945.642,10.476,11.429,7.407,7.619,5.714,5.714,5.714,7.407,5.714,5.714,5.714,5.714,2217198933.333,200,"2113875
"
run_14_repetition_6,DONE,Gemini,haskell,SR,OG,3760.32,23311.611,9258.246,1945.642,12.963,5.714,5.714,5.714,7.407,7.407,9.259,5.714,5.714,5.714,5.714,7.619,2229232981.333,201,"3307134
"
run_15_repetition_6,DONE,Gemini,haskell,SR,EE,3770.947,23404.056,9304.146,1945.642,5.882,4.04,5.714,7.407,5.882,9.259,5.714,5.714,11.429,9.074,5.714,5.882,2228614485.333,200,"3304909
"
run_16_repetition_6,DONE,Claude,cpp,PS,OG,3778.586,23449.067,9315.638,1945.642,9.524,6.061,7.843,6.061,6.061,9.524,5.882,7.843,5.882,12.121,7.549,4.04,2229103274.667,200,"4853
"
run_17_repetition_6,DONE,Claude,cpp,PS,EE,3786.134,23492.081,9325.697,1945.667,7.407,5.882,9.747,5.882,5.714,3.922,4.04,3.922,4.04,5.882,5.714,7.407,2226210133.333,201,"2313
"
run_18_repetition_6,DONE,Claude,cpp,SR,OG,3793.631,23534.317,9335.255,1945.667,6.061,6.061,6.25,6.061,6.25,6.25,8.081,9.804,7.843,10.417,7.727,7.843,2230689792.0,200,"1733
"
run_19_repetition_6,DONE,Claude,cpp,SR,EE,3801.163,23577.744,9345.574,1945.667,9.206,7.407,5.714,5.714,5.882,9.259,7.407,7.619,5.714,5.882,7.407,11.765,2235251370.667,201,"2868
"
run_20_repetition_6,DONE,Claude,haskell,PS,OG,3810.033,23642.205,9371.342,1945.667,68.627,1.905,3.548,1.961,1.961,1.961,2.54,2.469,1.961,1.961,2.54,3.922,2219018467.556,1401,"1307653
"
run_21_repetition_6,DONE,Claude,haskell,PS,EE,3819.852,23720.993,9407.131,1945.692,12.281,5.405,8.333,5.405,5.405,7.207,5.405,5.263,10.167,5.263,5.405,5.263,2217596245.333,200,"2118046
"
run_22_repetition_6,DONE,Claude,haskell,SR,OG,3830.496,23814.003,9453.512,1945.692,11.765,6.061,6.061,7.843,5.882,9.747,6.061,6.061,6.061,6.061,6.061,6.25,2212190890.667,201,"3304782
"
run_23_repetition_6,DONE,Claude,haskell,SR,EE,3841.139,23906.343,9499.451,1945.692,5.556,7.407,9.259,5.556,7.207,10.811,7.407,5.556,5.556,5.714,7.302,5.556,2223348394.667,201,"3305081
"
run_0_repetition_7,DONE,ChatGPT,cpp,PS,OG,3848.787,23951.418,9510.931,1945.692,5.882,11.111,5.714,5.714,5.556,9.009,5.714,5.556,7.407,5.714,5.556,5.714,2243872085.333,200,"4853
"
run_1_repetition_7,DONE,ChatGPT,cpp,PS,EE,3856.436,23996.224,9522.192,1945.718,5.882,5.882,5.714,5.882,5.882,7.619,7.619,7.619,13.352,7.619,5.882,7.619,2254573568.0,200,"4846
"
run_2_repetition_7,DONE,ChatGPT,cpp,SR,OG,3863.957,24038.963,9532.131,1945.718,7.407,5.714,7.407,5.556,7.407,7.407,7.407,7.207,11.429,7.407,5.714,7.407,2228002816.0,201,"1433
"
run_3_repetition_7,DONE,ChatGPT,cpp,SR,EE,3871.374,24081.139,9541.665,1945.718,5.882,5.882,5.882,11.429,5.882,5.882,5.882,5.882,5.882,5.714,7.619,7.619,2218906965.333,201,"1445
"
run_4_repetition_7,DONE,ChatGPT,haskell,PS,OG,3880.779,24154.343,9573.627,1945.718,5.556,7.407,5.556,5.556,3.81,9.048,5.556,7.207,7.018,3.81,11.111,3.81,2216801621.333,200,"2100663
"
run_5_repetition_7,DONE,ChatGPT,haskell,PS,EE,3890.197,24227.01,9605.292,1945.743,5.714,5.714,11.429,5.714,3.922,6.952,3.922,5.882,3.922,5.714,10.714,7.407,2221629440.0,200,"2100104
"
run_6_repetition_7,DONE,ChatGPT,haskell,SR,OG,3900.79,24319.303,9651.153,1945.743,5.882,5.882,7.407,5.714,13.016,7.47,5.882,5.882,5.714,5.882,5.714,5.714,2215574186.667,200,"3306900
"
run_7_repetition_7,DONE,ChatGPT,haskell,SR,EE,3911.493,24412.027,9697.385,1945.743,5.714,5.714,7.407,7.407,7.619,7.302,7.407,7.207,5.714,5.714,11.429,5.509,2223955968.0,200,"3307184
"
run_8_repetition_7,DONE,Gemini,cpp,PS,OG,3919.245,24460.904,9712.876,1945.769,6.061,6.061,6.061,7.843,7.843,7.648,4.301,10.417,6.061,6.25,7.843,6.061,2231719253.333,200,"4880
"
run_9_repetition_7,DONE,Gemini,cpp,PS,EE,3926.817,24504.356,9723.25,1945.769,5.714,5.714,7.407,7.381,5.714,7.407,7.407,7.407,11.391,5.556,5.714,7.407,2238702933.333,201,"4317
"
run_10_repetition_7,DONE,Gemini,cpp,SR,OG,3934.292,24547.317,9733.304,1945.769,6.061,11.688,5.882,7.843,21.061,6.061,6.061,6.061,6.061,9.804,7.843,7.843,2213093376.0,201,"1662
"
run_11_repetition_7,DONE,Gemini,cpp,SR,EE,3941.762,24589.623,9742.994,1945.769,5.882,5.882,7.407,5.882,5.882,5.882,7.619,12.963,7.619,5.882,5.714,5.882,2218754048.0,200,"1389
"
run_12_repetition_7,DONE,Gemini,haskell,PS,OG,3950.577,24653.812,9768.477,1945.769,73.191,1.316,2.564,1.923,1.923,3.846,1.974,1.923,1.974,2.632,1.923,2.564,2222833664.0,1202,"1307653
"
run_13_repetition_7,DONE,Gemini,haskell,PS,EE,3960.272,24731.792,9804.18,1945.792,5.882,5.714,7.619,5.882,4.04,5.714,5.714,11.429,8.922,5.882,7.619,5.882,2233401344.0,200,"2113875
"
run_14_repetition_7,DONE,Gemini,haskell,SR,OG,3970.905,24824.502,9850.237,1945.792,7.843,6.061,9.091,7.843,8.081,6.061,13.636,6.061,7.843,7.843,6.061,7.843,2215055360.0,201,"3307134
"
run_15_repetition_7,DONE,Gemini,haskell,SR,EE,3981.544,24917.301,9896.469,1945.793,7.407,8.586,5.556,7.407,7.207,5.714,9.524,5.556,7.207,7.207,7.207,5.714,2208408917.333,201,"3304909
"
run_16_repetition_7,DONE,Claude,cpp,PS,OG,3989.176,24961.627,9907.518,1945.818,5.509,3.922,7.407,5.714,5.714,11.471,5.714,3.922,7.407,5.714,3.922,5.714,2237650261.333,200,"4853
"
run_17_repetition_7,DONE,Claude,cpp,PS,EE,3996.724,25004.533,9917.529,1945.819,5.714,7.407,5.556,5.556,7.619,5.714,5.714,9.524,5.714,5.714,3.922,5.714,2241989290.667,200,"2313
"
run_18_repetition_7,DONE,Claude,cpp,SR,OG,4004.217,25047.178,9927.247,1945.819,5.714,7.619,3.922,5.714,7.407,5.714,11.111,5.714,7.381,5.556,5.556,5.556,2230726656.0,200,"1733
"
run_19_repetition_7,DONE,Claude,cpp,SR,EE,4011.764,25090.419,9937.514,1945.819,5.556,5.556,7.207,3.81,5.405,5.556,7.407,7.207,7.207,7.207,7.207,11.111,2233414997.333,201,"2868
"
run_20_repetition_7,DONE,Claude,haskell,PS,OG,4020.623,25154.792,9963.039,1945.844,1.802,1.802,2.339,2.339,1.27,70.056,1.754,1.802,3.604,1.235,2.924,2.402,2222192867.556,1401,"1307653
"
run_21_repetition_7,DONE,Claude,haskell,PS,EE,4030.385,25233.12,9998.79,1945.844,7.407,5.556,5.714,12.169,7.207,5.714,5.714,7.407,11.429,5.714,5.556,7.407,2223236437.333,201,"2118046
"
run_22_repetition_7,DONE,Claude,haskell,SR,OG,4041.034,25325.648,10044.655,1945.844,10.101,5.714,7.381,6.061,4.04,7.619,5.882,7.619,5.714,7.619,7.843,5.882,2212261888.0,200,"3304782
"
run_23_repetition_7,DONE,Claude,haskell,SR,EE,4051.691,25418.809,10091.139,1945.844,5.714,5.556,9.009,5.556,5.714,9.259,5.714,5.714,5.556,5.714,5.714,11.429,2218235221.333,200,"3305081
"
run_0_repetition_8,DONE,ChatGPT,cpp,PS,OG,4059.344,25463.34,10102.389,1945.868,5.714,5.714,5.556,7.207,3.922,11.429,5.714,3.81,5.714,5.556,5.556,5.556,2237382656.0,201,"4853
"
run_1_repetition_8,DONE,ChatGPT,cpp,PS,EE,4066.975,25508.169,10113.846,1945.868,7.407,3.81,5.714,5.556,5.714,5.714,9.009,5.714,5.556,3.922,7.207,11.111,2245581482.667,201,"4846
"
run_2_repetition_8,DONE,ChatGPT,cpp,SR,OG,4074.444,25550.288,10123.219,1945.868,5.556,5.556,3.922,3.922,5.714,9.009,3.922,5.714,7.407,5.714,5.556,9.259,2247806976.0,201,"1433
"
run_3_repetition_8,DONE,ChatGPT,cpp,SR,EE,4081.947,25593.68,10133.694,1945.868,9.804,5.882,5.882,5.882,5.714,5.882,5.882,5.714,5.882,7.619,5.714,5.509,2243003733.333,200,"1445
"
run_4_repetition_8,DONE,ChatGPT,haskell,PS,OG,4093.453,25676.25,10166.211,1945.892,7.407,9.524,5.556,5.714,10.741,7.407,3.922,5.714,5.714,5.556,7.207,3.922,2219402581.333,200,"2100663
"
run_5_repetition_8,DONE,ChatGPT,haskell,PS,EE,4102.834,25749.283,10198.117,1945.892,5.882,7.619,5.714,5.882,5.882,11.943,5.882,7.619,5.714,5.882,11.765,4.04,2217189376.0,201,"2100104
"
run_6_repetition_8,DONE,ChatGPT,haskell,SR,OG,4113.486,25841.808,10244.196,1945.892,9.259,7.407,3.922,5.714,3.922,5.714,7.407,5.509,7.407,7.619,5.714,5.714,2219739818.667,201,"3306900
"
run_7_repetition_8,DONE,ChatGPT,haskell,SR,EE,4124.135,25934.406,10290.102,1945.916,5.882,11.765,7.619,5.882,7.302,5.714,7.619,5.882,5.882,5.714,5.714,4.04,2207596544.0,201,"3307184
"
run_8_repetition_8,DONE,Gemini,cpp,PS,OG,4131.78,25978.759,10301.162,1945.916,5.556,7.018,5.556,9.259,5.556,7.207,5.556,3.81,5.556,5.556,7.207,7.407,2239415637.333,201,"4880
"
run_9_repetition_8,DONE,Gemini,cpp,PS,EE,4139.369,26023.043,10312.089,1945.916,7.207,11.391,5.714,5.714,3.81,7.302,7.407,7.207,8.889,5.714,5.714,5.714,2223385258.667,201,"4317
"
run_10_repetition_8,DONE,Gemini,cpp,SR,OG,4146.86,26065.51,10321.884,1945.916,7.619,12.613,5.882,7.302,20.882,5.714,5.714,5.714,5.714,7.407,5.714,5.714,2228405589.333,200,"1662
"
run_11_repetition_8,DONE,Gemini,cpp,SR,EE,4154.335,26108.468,10331.989,1945.916,7.843,7.843,4.04,6.061,7.619,6.061,4.167,5.882,7.619,11.765,5.882,5.882,2229295786.667,201,"1389
"
run_12_repetition_8,DONE,Gemini,haskell,PS,OG,4163.205,26173.053,10357.842,1945.941,1.307,2.469,1.905,3.704,1.905,73.025,1.905,1.905,2.54,1.905,1.905,1.905,2229986645.333,1402,"1307653
"
run_13_repetition_8,DONE,Gemini,haskell,PS,EE,4172.984,26252.266,10394.214,1945.941,6.061,4.167,5.882,7.843,9.524,11.765,5.882,7.843,6.061,6.061,12.605,7.619,2214667605.333,201,"2113875
"
run_14_repetition_8,DONE,Gemini,haskell,SR,OG,4183.649,26345.44,10440.811,1945.941,10.847,5.714,5.714,7.619,5.714,7.619,3.922,5.714,7.407,5.714,7.302,7.407,2219229184.0,200,"3307134
"
run_15_repetition_8,DONE,Gemini,haskell,SR,EE,4194.271,26437.347,10486.331,1945.966,7.619,5.882,5.882,5.714,11.688,7.47,7.619,5.882,5.882,5.882,4.04,3.922,2233881941.333,201,"3304909
"
run_16_repetition_8,DONE,Claude,cpp,PS,OG,4201.929,26482.316,10497.927,1945.967,7.018,8.684,7.018,10.526,5.556,10.811,5.556,5.405,5.405,9.009,7.207,7.018,2242618709.333,200,"4853
"
run_17_repetition_8,DONE,Claude,cpp,PS,EE,4209.468,26525.348,10507.881,1945.967,5.714,3.922,7.619,9.009,7.407,5.556,9.259,7.407,7.407,5.714,5.714,5.714,2227568640.0,200,"2313
"
run_18_repetition_8,DONE,Claude,cpp,SR,OG,4216.967,26568.02,10517.726,1945.967,5.714,5.882,11.429,5.882,5.882,7.843,3.922,5.882,7.619,7.619,7.549,5.882,2234728448.0,200,"1733
"
run_19_repetition_8,DONE,Claude,cpp,SR,EE,4224.52,26611.153,10527.798,1945.991,3.922,3.922,7.407,11.429,5.714,7.407,5.882,5.556,5.714,5.556,3.81,7.407,2240050517.333,200,"2868
"
run_20_repetition_8,DONE,Claude,haskell,PS,OG,4233.371,26675.481,10553.454,1945.991,2.143,2.143,2.083,2.143,2.143,2.738,2.143,4.167,76.458,2.143,2.857,2.143,2220545024.0,1201,"1307653
"
run_21_repetition_8,DONE,Claude,haskell,PS,EE,4243.11,26754.221,10589.536,1945.993,5.882,11.429,3.922,6.061,9.223,7.47,4.04,5.882,7.407,7.619,5.882,7.619,2215804928.0,200,"2118046
"
run_22_repetition_8,DONE,Claude,haskell,SR,OG,4253.787,26847.867,10636.445,1945.993,8.73,7.207,7.207,7.207,7.407,9.259,5.556,7.207,5.556,7.207,5.556,10.811,2219476309.333,201,"3304782
"
run_23_repetition_8,DONE,Claude,haskell,SR,EE,4264.477,26940.566,10682.6,1946.016,7.843,7.843,6.061,6.061,4.167,6.061,4.167,7.843,4.167,11.765,7.843,7.47,2218672128.0,201,"3305081
"
run_0_repetition_9,DONE,ChatGPT,cpp,PS,OG,4272.132,26985.764,10694.312,1946.016,7.302,3.81,5.714,5.714,5.714,9.009,5.714,5.714,5.714,5.714,5.714,11.111,2237741738.667,200,"4853
"
run_1_repetition_9,DONE,ChatGPT,cpp,PS,EE,4279.769,27030.275,10705.453,1946.016,9.524,5.509,3.922,7.407,3.922,5.714,5.556,5.714,5.714,7.207,5.714,5.556,2251654485.333,200,"4846
"
run_2_repetition_9,DONE,ChatGPT,cpp,SR,OG,4287.273,27073.402,10715.58,1946.016,9.524,5.714,9.009,9.009,5.714,5.556,3.81,3.81,5.714,5.556,3.922,7.207,2217870677.333,200,"1433
"
run_3_repetition_9,DONE,ChatGPT,cpp,SR,EE,4294.773,27115.739,10725.191,1946.04,5.882,5.882,5.882,5.882,7.619,9.43,5.882,5.882,6.061,12.613,5.882,5.882,2224287744.0,201,"1445
"
run_4_repetition_9,DONE,ChatGPT,haskell,PS,OG,4304.194,27189.086,10757.262,1946.04,5.714,9.804,3.922,5.714,5.714,5.714,3.922,5.714,8.81,5.714,7.407,5.714,2221791914.667,200,"2100663
"
run_5_repetition_9,DONE,ChatGPT,haskell,PS,EE,4313.605,27262.052,10789.202,1946.04,11.765,6.061,7.843,5.882,6.061,11.111,7.843,4.167,5.882,9.167,4.04,7.843,2211853653.333,201,"2100104
"
run_6_repetition_9,DONE,ChatGPT,haskell,SR,OG,4324.374,27356.257,10836.22,1946.053,6.838,5.263,5.405,5.263,6.838,6.838,10.256,5.263,5.263,6.838,5.263,5.263,2211442688.0,201,"3306900
"
run_7_repetition_9,DONE,ChatGPT,haskell,SR,EE,4335.029,27448.806,10882.361,1946.065,7.207,5.714,5.714,5.714,3.922,5.476,5.556,7.619,12.963,5.714,5.714,5.714,2212234581.333,201,"3307184
"
run_8_repetition_9,DONE,Gemini,cpp,PS,OG,4342.683,27494.035,10894.052,1946.065,5.714,11.111,7.407,7.619,5.714,5.882,7.619,5.714,5.882,9.259,7.619,5.714,2226787669.333,200,"4880
"
run_9_repetition_9,DONE,Gemini,cpp,PS,EE,4350.252,27537.656,10904.665,1946.065,5.714,7.407,9.524,5.556,5.476,7.302,5.556,5.714,7.407,7.407,7.407,5.714,2225052330.667,201,"4317
"
run_10_repetition_9,DONE,Gemini,cpp,SR,OG,4357.758,27580.845,10914.883,1946.065,11.429,5.509,5.714,3.81,5.714,7.407,9.259,3.81,5.714,5.714,5.714,24.259,2217162069.333,201,"1662
"
run_11_repetition_9,DONE,Gemini,cpp,SR,EE,4365.258,27623.437,10924.779,1946.089,5.714,5.714,5.556,7.407,10.811,7.407,7.407,7.407,7.407,5.714,5.714,5.714,2234029397.333,201,"1389
"
run_12_repetition_9,DONE,Gemini,haskell,PS,OG,4374.13,27688.424,10950.899,1946.089,5.0,73.393,2.206,2.143,2.857,2.206,2.778,2.857,2.143,2.778,2.857,2.143,2224646144.0,1201,"1307653
"
run_13_repetition_9,DONE,Gemini,haskell,PS,EE,4383.853,27766.35,10986.501,1946.089,5.882,5.882,13.333,5.882,7.619,5.714,4.04,7.619,4.04,5.882,8.922,7.619,2224136192.0,200,"2113875
"
run_14_repetition_9,DONE,Gemini,haskell,SR,OG,4394.561,27859.688,11032.965,1946.114,5.556,7.407,9.259,5.714,5.556,5.714,5.556,10.811,7.407,7.207,3.922,5.714,2215968768.0,201,"3307134
"
run_15_repetition_9,DONE,Gemini,haskell,SR,EE,4405.182,27951.956,11078.888,1946.114,7.619,5.714,5.882,5.714,5.882,7.381,5.714,5.882,5.714,7.619,13.016,7.619,2214671701.333,200,"3304909
"
run_16_repetition_9,DONE,Claude,cpp,PS,OG,4412.805,27996.262,11089.882,1946.114,4.167,6.061,10.101,7.843,6.061,9.51,5.882,6.061,7.843,7.619,7.843,7.843,2225837397.333,201,"4853
"
run_17_repetition_9,DONE,Claude,cpp,PS,EE,4420.381,28040.726,11101.159,1946.114,3.81,5.405,3.704,7.407,5.405,7.207,7.207,3.81,9.009,5.405,5.405,5.556,2228163925.333,201,"2313
"
run_18_repetition_9,DONE,Claude,cpp,SR,OG,4427.899,28083.338,11111.041,1946.139,3.922,5.714,3.922,5.882,5.714,7.407,11.429,7.381,5.714,7.407,7.407,5.714,2223676074.667,201,"1733
"
run_19_repetition_9,DONE,Claude,cpp,SR,EE,4435.52,28126.606,11121.4,1946.139,7.407,5.714,7.407,7.619,5.714,7.407,5.714,5.714,5.714,5.714,9.804,5.714,2221195264.0,200,"2868
"
run_20_repetition_9,DONE,Claude,haskell,PS,OG,4444.365,28191.472,11147.545,1946.139,3.378,2.778,2.778,4.286,75.397,3.373,1.471,2.206,2.778,2.857,1.471,2.778,2213350400.0,1201,"1307653
"
run_21_repetition_9,DONE,Claude,haskell,PS,EE,4454.104,28270.46,11184.096,1946.139,5.714,7.407,5.714,3.81,5.714,5.714,7.407,11.111,9.064,11.111,5.556,5.714,2225543850.667,201,"2118046
"
run_22_repetition_9,DONE,Claude,haskell,SR,OG,4464.763,28363.148,11230.174,1946.163,5.714,7.407,9.524,5.714,7.407,11.429,7.407,5.714,5.714,5.714,5.714,7.619,2213867520.0,201,"3304782
"
run_23_repetition_9,DONE,Claude,haskell,SR,EE,4475.378,28455.557,11276.095,1946.163,5.714,5.882,9.259,7.407,5.714,7.302,5.714,5.714,7.407,7.407,5.714,5.714,2209666389.333,201,"3305081
"
run_0_repetition_10,DONE,ChatGPT,cpp,PS,OG,4482.994,28500.25,11287.664,1946.165,5.405,7.018,5.556,5.556,10.811,9.009,5.556,7.143,3.81,5.556,7.207,7.207,2227638272.0,201,"4853
"
run_1_repetition_10,DONE,ChatGPT,cpp,PS,EE,4490.631,28545.03,11298.987,1946.165,7.407,5.714,7.619,7.619,5.714,5.882,9.259,5.882,5.714,5.714,9.804,5.882,2237248853.333,200,"4846
"
run_2_repetition_10,DONE,ChatGPT,cpp,SR,OG,4498.133,28587.549,11308.755,1946.189,5.556,7.407,5.714,9.259,9.074,7.207,7.207,3.81,7.207,5.556,5.556,5.714,2231341056.0,201,"1433
"
run_3_repetition_10,DONE,ChatGPT,cpp,SR,EE,4505.639,28629.79,11318.296,1946.189,5.556,7.407,3.704,5.556,5.556,5.556,5.556,8.772,7.143,7.018,5.556,10.811,2222777685.333,200,"1445
"
run_4_repetition_10,DONE,ChatGPT,haskell,PS,OG,4515.04,28702.644,11349.946,1946.189,5.882,11.765,10.271,5.882,5.714,7.47,5.882,7.619,7.407,4.04,5.882,5.882,2213939882.667,201,"2100663
"
run_5_repetition_10,DONE,ChatGPT,haskell,PS,EE,4524.425,28775.597,11381.78,1946.189,6.061,5.882,7.619,7.843,5.882,11.688,7.619,10.882,5.882,4.04,5.882,7.843,2219918677.333,201,"2100104
"
run_6_repetition_10,DONE,ChatGPT,haskell,SR,OG,4535.067,28867.977,11427.778,1946.211,7.47,5.882,7.619,11.688,5.882,9.259,7.619,5.628,5.714,5.882,5.882,5.882,2223943680.0,200,"3306900
"
run_7_repetition_10,DONE,ChatGPT,haskell,SR,EE,4545.723,28961.002,11474.145,1946.211,5.556,5.405,3.81,3.81,9.009,5.556,3.704,5.556,3.704,12.281,5.405,3.81,2215735296.0,200,"3307184
"
run_8_repetition_10,DONE,Gemini,cpp,PS,OG,4553.357,29005.441,11485.324,1946.211,5.714,5.714,12.698,7.407,7.302,7.207,3.922,5.556,5.714,5.556,5.714,5.556,2261054805.333,201,"4880
"
run_9_repetition_10,DONE,Gemini,cpp,PS,EE,4560.943,29049.508,11496.089,1946.211,5.882,9.259,7.407,7.302,3.922,5.882,5.882,5.714,3.922,5.714,7.619,5.882,2241679360.0,201,"4317
"
run_10_repetition_10,DONE,Gemini,cpp,SR,OG,4568.432,29091.842,11505.727,1946.234,5.714,7.407,21.442,7.407,3.81,7.207,5.556,10.811,5.714,7.407,5.714,3.81,2239206741.333,200,"1662
"
run_11_repetition_10,DONE,Gemini,cpp,SR,EE,4575.917,29134.581,11515.704,1946.235,5.714,5.714,5.714,7.407,5.714,3.922,5.714,3.922,5.714,9.009,7.407,11.429,2216136704.0,201,"1389
"
run_12_repetition_10,DONE,Gemini,haskell,PS,OG,4584.776,29199.268,11541.646,1946.235,1.905,1.852,1.905,1.905,1.852,71.781,1.27,1.852,1.852,1.852,4.233,1.852,2227412992.0,1401,"1307653
"
run_13_repetition_10,DONE,Gemini,haskell,PS,EE,4594.544,29278.156,11577.768,1946.235,6.061,10.417,11.061,6.061,6.061,4.167,8.081,6.061,4.167,6.061,4.167,5.882,2225205248.0,201,"2113875
"
run_14_repetition_10,DONE,Gemini,haskell,SR,OG,4605.187,29370.251,11623.509,1946.258,5.714,5.509,7.407,7.407,5.714,5.882,5.714,5.882,5.714,5.714,9.524,7.619,2224584021.333,201,"3307134
"
run_15_repetition_10,DONE,Gemini,haskell,SR,EE,4615.922,29463.593,11669.994,1946.258,5.882,5.882,5.882,5.882,4.04,7.619,7.407,5.882,4.04,5.882,11.765,5.882,2222589269.333,201,"3304909
"
run_16_repetition_10,DONE,Claude,cpp,PS,OG,4623.566,29508.682,11681.6,1946.258,5.714,5.556,7.407,5.714,5.714,5.714,5.714,5.714,5.714,7.407,3.81,11.111,2237744469.333,201,"4853
"
run_17_repetition_10,DONE,Claude,cpp,PS,EE,4631.13,29551.861,11691.784,1946.283,3.922,5.714,7.407,5.714,5.714,5.714,5.714,5.714,7.407,5.714,7.407,9.524,2243126613.333,200,"2313
"
run_18_repetition_10,DONE,Claude,cpp,SR,OG,4638.624,29594.126,11701.356,1946.283,3.922,5.588,7.407,7.407,5.714,5.882,7.407,5.882,5.714,7.407,5.882,9.804,2222626133.333,201,"1733
"
run_19_repetition_10,DONE,Claude,cpp,SR,EE,4646.184,29637.887,11711.958,1946.283,3.922,7.407,5.714,5.714,5.714,5.714,5.714,11.765,5.882,5.509,5.714,5.714,2243424256.0,201,"2868
"
run_20_repetition_10,DONE,Claude,haskell,PS,OG,4654.972,29701.488,11737.252,1946.284,74.148,2.273,4.412,2.273,2.273,3.536,2.857,2.273,2.941,2.898,1.562,3.03,2220092416.0,1201,"1307653
"
run_21_repetition_10,DONE,Claude,haskell,PS,EE,4664.708,29780.115,11773.266,1946.309,5.882,5.882,5.882,3.922,5.882,9.206,7.619,5.882,5.714,7.619,10.644,11.765,2211405824.0,201,"2118046
"
run_22_repetition_10,DONE,Claude,haskell,SR,OG,4675.325,29871.901,11818.797,1946.309,11.111,7.381,5.714,5.882,5.714,7.619,4.04,5.714,5.714,5.714,5.714,5.882,2212918613.333,201,"3304782
"
run_23_repetition_10,DONE,Claude,haskell,SR,EE,4685.997,29964.472,11864.62,1946.309,7.302,5.714,5.714,5.714,7.619,7.407,5.714,5.556,9.009,3.922,3.81,9.804,2219197781.333,201,"3305081
"
run_0_repetition_11,DONE,ChatGPT,cpp,PS,OG,4693.652,30009.543,11876.141,1946.309,7.407,7.619,3.922,5.714,5.882,11.111,7.407,5.882,7.619,5.714,5.714,5.714,2242797568.0,201,"4853
"
run_1_repetition_11,DONE,ChatGPT,cpp,PS,EE,4701.299,30053.891,11887.208,1946.334,5.882,5.714,5.714,9.804,5.882,5.882,5.714,4.04,5.714,5.882,5.882,7.47,2231939072.0,200,"4846
"
run_2_repetition_11,DONE,ChatGPT,cpp,SR,OG,4708.801,30096.098,11896.772,1946.334,5.882,7.619,11.429,5.882,7.619,7.47,7.407,5.882,7.619,7.619,5.882,5.714,2229751808.0,200,"1433
"
run_3_repetition_11,DONE,ChatGPT,cpp,SR,EE,4716.306,30138.894,11906.638,1946.334,5.714,5.714,5.714,5.882,5.882,7.619,3.922,5.714,9.804,7.47,5.714,3.922,2231889920.0,201,"1445
"
run_4_repetition_11,DONE,ChatGPT,haskell,PS,OG,4725.7,30211.553,11938.358,1946.334,5.882,7.843,5.882,9.04,5.882,5.882,5.714,5.714,11.111,5.882,5.882,5.882,2218071381.333,201,"2100663
"
run_5_repetition_11,DONE,ChatGPT,haskell,PS,EE,4735.119,30284.147,11969.76,1946.359,7.407,7.619,7.619,9.223,5.714,5.882,7.619,3.922,9.804,3.922,5.714,5.714,2211259733.333,200,"2100104
"
run_6_repetition_11,DONE,ChatGPT,haskell,SR,OG,4745.772,30376.943,12016.02,1946.359,7.619,5.714,7.619,5.714,5.714,7.407,5.882,5.714,12.963,7.302,5.714,5.714,2219969194.667,201,"3306900
"
run_7_repetition_11,DONE,ChatGPT,haskell,SR,EE,4756.401,30468.832,12061.571,1946.359,5.714,5.714,5.714,5.714,11.429,5.882,5.556,5.714,5.714,7.381,7.407,5.882,2212663296.0,200,"3307184
"
run_8_repetition_11,DONE,Gemini,cpp,PS,OG,4764.055,30514.343,12073.605,1946.359,5.714,7.207,7.222,7.407,5.556,7.302,5.714,9.524,5.714,5.714,7.207,7.619,2224121173.333,200,"4880
"
run_9_repetition_11,DONE,Gemini,cpp,PS,EE,4771.662,30558.236,12084.4,1946.384,5.714,5.714,5.714,11.765,5.714,7.302,7.407,5.882,5.714,5.714,5.556,5.882,2233896960.0,201,"4317
"
run_10_repetition_11,DONE,Gemini,cpp,SR,OG,4779.152,30601.201,12094.482,1946.384,5.882,5.882,4.04,5.882,11.765,20.882,5.882,7.619,4.04,7.619,4.04,5.882,2226442240.0,200,"1662
"
run_11_repetition_11,DONE,Gemini,cpp,SR,EE,4786.719,30643.939,12104.582,1946.385,5.882,5.882,5.882,11.429,7.619,5.882,5.882,5.882,5.882,5.882,4.04,6.061,2239995904.0,201,"1389
"
run_12_repetition_11,DONE,Gemini,haskell,PS,OG,4795.494,30708.009,12130.101,1946.385,4.412,3.452,2.857,2.206,2.857,75.441,2.857,1.515,2.857,2.206,2.206,2.857,2239134720.0,1201,"1307653
"
run_13_repetition_11,DONE,Gemini,haskell,PS,EE,4805.227,30786.08,12165.788,1946.408,5.556,5.556,5.556,5.556,3.81,7.407,9.259,10.541,7.407,5.714,7.207,9.009,2221031424.0,201,"2113875
"
run_14_repetition_11,DONE,Gemini,haskell,SR,OG,4815.857,30878.921,12212.072,1946.408,5.882,5.882,7.407,7.619,5.882,7.619,7.619,7.619,5.882,5.882,5.882,13.333,2213748736.0,201,"3307134
"
run_15_repetition_11,DONE,Gemini,haskell,SR,EE,4826.437,30971.098,12258.028,1946.408,7.843,9.524,5.882,5.882,11.688,9.51,7.843,6.061,5.882,7.619,5.882,5.882,2223595520.0,201,"3304909
"
run_16_repetition_11,DONE,Claude,cpp,PS,OG,4834.09,31015.471,12268.968,1946.433,5.714,5.882,5.714,7.407,5.714,5.882,5.714,9.259,3.81,5.714,11.429,7.407,2234099029.333,201,"4853
"
run_17_repetition_11,DONE,Claude,cpp,PS,EE,4841.622,31058.259,12278.914,1946.433,5.628,7.619,5.882,4.04,7.619,7.843,5.882,5.882,5.714,13.333,5.882,5.882,2225074176.0,201,"2313
"
run_18_repetition_11,DONE,Claude,cpp,SR,OG,4849.087,31100.799,12288.658,1946.433,11.111,8.745,3.922,7.619,5.714,3.922,7.619,5.714,7.407,5.882,3.922,5.714,2224824320.0,201,"1733
"
run_19_repetition_11,DONE,Claude,cpp,SR,EE,4856.622,31143.677,12298.664,1946.433,7.407,5.714,5.714,5.714,5.714,5.714,5.556,9.524,7.302,7.407,5.714,3.81,2226675712.0,201,"2868
"
run_20_repetition_11,DONE,Claude,haskell,PS,OG,4865.458,31208.36,12324.581,1946.433,1.905,2.469,1.905,1.905,2.402,69.069,1.905,2.54,1.905,2.402,3.81,1.905,2225576618.667,1401,"1307653
"
run_21_repetition_11,DONE,Claude,haskell,PS,EE,4875.232,31286.476,12360.142,1946.457,7.843,4.167,6.061,5.882,10.823,6.061,5.882,11.765,5.882,4.167,11.429,5.882,2219819008.0,201,"2118046
"
run_22_repetition_11,DONE,Claude,haskell,SR,OG,4885.889,31379.123,12406.142,1946.457,7.222,5.556,7.407,5.556,7.407,5.714,5.556,7.619,5.556,5.556,11.111,5.556,2228618581.333,200,"3304782
"
run_23_repetition_11,DONE,Claude,haskell,SR,EE,4896.521,31471.963,12452.436,1946.458,5.882,5.882,7.619,7.619,3.922,7.843,5.714,5.714,7.207,9.804,5.882,5.882,2219167744.0,201,"3305081
"
run_0_repetition_12,DONE,ChatGPT,cpp,PS,OG,4904.144,31516.096,12463.366,1946.483,5.882,11.429,7.407,5.882,4.04,5.882,5.882,5.882,7.619,7.619,5.714,7.619,2235942229.333,201,"4853
"
run_1_repetition_12,DONE,ChatGPT,cpp,PS,EE,4911.788,31560.522,12474.51,1946.483,7.619,5.714,5.714,3.922,5.714,7.619,10.101,7.407,5.714,5.714,5.882,5.714,2235338752.0,201,"4846
"
run_2_repetition_12,DONE,ChatGPT,cpp,SR,OG,4919.292,31603.433,12484.506,1946.483,11.429,7.619,5.882,5.882,5.882,7.407,5.882,7.619,5.714,5.714,5.882,5.882,2230368938.667,201,"1433
"
run_3_repetition_12,DONE,ChatGPT,cpp,SR,EE,4926.777,31646.017,12494.395,1946.483,11.111,11.429,5.882,7.619,5.714,5.714,5.714,5.714,5.714,5.714,5.588,5.882,2232029184.0,201,"1445
"
run_4_repetition_12,DONE,ChatGPT,haskell,PS,OG,4936.23,31719.75,12526.799,1946.506,5.882,4.04,7.843,4.04,5.882,4.167,7.619,5.882,5.882,13.016,10.39,4.167,2219234645.333,201,"2100663
"
run_5_repetition_12,DONE,ChatGPT,haskell,PS,EE,4945.633,31792.373,12558.454,1946.506,12.593,9.206,5.714,5.714,5.714,7.619,7.407,5.714,5.714,5.714,5.882,11.765,2219679744.0,201,"2100104
"
run_6_repetition_12,DONE,ChatGPT,haskell,SR,OG,4956.346,31885.602,12604.845,1946.507,7.843,7.407,11.429,5.714,7.619,7.619,5.882,4.04,7.619,5.714,7.619,4.04,2223080789.333,200,"3306900
"
run_7_repetition_12,DONE,ChatGPT,haskell,SR,EE,4967.044,31979.023,12651.534,1946.507,7.619,5.882,5.714,7.619,5.714,7.619,5.882,10.101,7.619,5.882,4.04,5.882,2221584384.0,201,"3307184
"
run_8_repetition_12,DONE,Gemini,cpp,PS,OG,4974.678,32023.156,12662.444,1946.529,7.843,7.619,5.882,7.619,5.882,7.619,5.882,5.882,3.922,7.407,11.765,5.882,2238197760.0,201,"4880
"
run_9_repetition_12,DONE,Gemini,cpp,PS,EE,4982.27,32067.349,12673.438,1946.53,7.407,5.556,5.556,10.847,5.556,7.407,5.556,5.556,5.714,5.556,5.556,7.207,2237289813.333,201,"4317
"
run_10_repetition_12,DONE,Gemini,cpp,SR,OG,4989.769,32109.95,12683.229,1946.53,5.714,7.407,7.207,5.714,11.111,20.714,5.556,3.81,5.556,5.556,5.556,5.714,2238270122.667,200,"1662
"
run_11_repetition_12,DONE,Gemini,cpp,SR,EE,4997.232,32152.899,12693.372,1946.53,4.301,6.25,7.843,6.25,6.25,6.25,8.081,6.25,10.417,6.25,4.301,4.167,2227508565.333,201,"1389
"
run_12_repetition_12,DONE,Gemini,haskell,PS,OG,5006.061,32216.784,12718.766,1946.554,2.941,2.857,2.143,2.206,2.206,3.472,2.273,1.515,2.273,74.706,4.881,2.857,2223025152.0,1201,"1307653
"
run_13_repetition_12,DONE,Gemini,haskell,PS,EE,5015.802,32295.692,12755.107,1946.554,9.064,7.407,5.556,7.207,7.407,5.714,7.207,7.407,5.556,7.207,7.207,11.111,2217018709.333,201,"2113875
"
run_14_repetition_12,DONE,Gemini,haskell,SR,OG,5026.48,32388.301,12801.186,1946.554,5.0,3.419,3.333,5.0,6.667,6.587,5.0,6.504,3.419,4.878,8.547,5.0,2211859114.667,201,"3307134
"
run_15_repetition_12,DONE,Gemini,haskell,SR,EE,5037.173,32481.378,12847.377,1946.578,5.405,7.018,12.281,7.072,7.207,7.207,5.556,5.556,5.405,5.405,5.405,5.556,2215003477.333,201,"3304909
"
run_16_repetition_12,DONE,Claude,cpp,PS,OG,5044.804,32525.605,12858.401,1946.578,6.061,5.882,6.061,13.333,5.882,9.668,6.061,6.061,5.882,4.04,4.04,6.061,2253758464.0,200,"4853
"
run_17_repetition_12,DONE,Claude,cpp,PS,EE,5052.318,32569.274,12869.075,1946.578,6.061,6.061,5.882,8.081,7.843,5.754,6.061,4.167,13.725,7.843,8.081,4.167,2226466816.0,200,"2313
"
run_18_repetition_12,DONE,Claude,cpp,SR,OG,5059.799,32611.317,12878.465,1946.578,7.407,5.714,5.714,7.381,5.714,7.407,7.619,5.714,11.319,7.207,5.714,5.714,2226008064.0,201,"1733
"
run_19_repetition_12,DONE,Claude,cpp,SR,EE,5067.347,32654.789,12888.835,1946.578,11.429,7.407,5.714,7.619,5.714,5.882,5.714,5.714,7.407,5.714,7.407,5.714,2237292544.0,201,"2868
"
run_20_repetition_12,DONE,Claude,haskell,PS,OG,5076.221,32719.308,12914.65,1946.602,71.199,1.802,1.754,1.764,2.339,2.868,2.339,1.802,1.802,1.802,1.802,3.604,2220404736.0,1401,"1307653
"
run_21_repetition_12,DONE,Claude,haskell,PS,EE,5085.999,32798.296,12950.865,1946.603,5.882,5.882,5.882,5.882,10.644,13.016,7.843,5.882,5.882,7.619,4.04,5.882,2225812821.333,200,"2118046
"
run_22_repetition_12,DONE,Claude,haskell,SR,OG,5096.625,32892.083,12998.422,1946.603,7.619,12.963,9.259,9.259,9.057,9.43,9.259,7.619,14.815,11.014,7.843,7.407,2220213589.333,200,"3304782
"
run_23_repetition_12,DONE,Claude,haskell,SR,EE,5107.27,32984.55,13044.381,1946.628,5.556,3.81,5.714,5.714,5.714,5.556,5.714,5.556,3.81,5.556,9.524,5.714,2223048021.333,201,"3305081
"
run_0_repetition_13,DONE,ChatGPT,cpp,PS,OG,5114.926,33029.025,13055.57,1946.628,7.407,7.407,5.556,7.407,9.524,7.47,5.714,5.556,5.714,7.619,5.556,7.407,2255126528.0,201,"4853
"
run_1_repetition_13,DONE,ChatGPT,cpp,PS,EE,5122.574,33074.006,13067.031,1946.628,11.765,6.061,7.843,7.47,5.882,5.882,6.061,6.061,6.061,5.707,5.882,7.843,2233110528.0,201,"4846
"
run_2_repetition_13,DONE,ChatGPT,cpp,SR,OG,5130.093,33116.434,13076.692,1946.629,7.619,5.714,7.407,5.714,5.714,13.016,7.407,5.714,7.407,4.04,5.882,7.407,2238241450.667,200,"1433
"
run_3_repetition_13,DONE,ChatGPT,cpp,SR,EE,5137.65,33159.215,13086.62,1946.629,5.882,7.302,9.259,7.407,7.407,11.429,7.407,5.714,7.407,5.714,5.556,7.407,2226978816.0,200,"1445
"
run_4_repetition_13,DONE,ChatGPT,haskell,PS,OG,5147.068,33231.878,13118.268,1946.655,7.407,7.407,5.714,5.556,3.922,5.714,5.882,3.922,10.556,3.922,7.407,12.963,2217182549.333,200,"2100663
"
run_5_repetition_13,DONE,ChatGPT,haskell,PS,EE,5156.469,33304.812,13150.03,1946.655,7.619,5.882,10.882,5.882,7.549,6.061,5.882,11.429,6.061,7.619,6.061,4.04,2217503402.667,201,"2100104
"
run_6_repetition_13,DONE,ChatGPT,haskell,SR,OG,5167.08,33397.748,13196.546,1946.655,5.882,7.619,10.101,6.061,5.882,5.882,6.061,6.061,7.619,5.882,5.882,7.619,2220492117.333,201,"3306900
"
run_7_repetition_13,DONE,ChatGPT,haskell,SR,EE,5177.711,33489.675,13242.187,1946.678,7.207,7.207,7.207,5.556,5.405,7.207,7.207,5.405,5.556,11.111,7.207,5.556,2214176085.333,200,"3307184
"
run_8_repetition_13,DONE,Gemini,cpp,PS,OG,5185.341,33534.384,13253.576,1946.678,5.714,9.524,5.882,11.429,7.407,7.619,5.882,5.714,5.882,5.714,5.714,5.882,2248788650.667,200,"4880
"
run_9_repetition_13,DONE,Gemini,cpp,PS,EE,5192.909,33577.67,13263.79,1946.678,5.882,5.509,5.882,9.259,7.407,9.804,7.407,3.922,5.714,7.407,5.714,5.714,2238899541.333,201,"4317
"
run_10_repetition_13,DONE,Gemini,cpp,SR,OG,5200.383,33620.287,13273.581,1946.678,5.882,5.714,13.333,5.882,4.167,22.619,5.882,5.882,5.882,5.882,5.882,4.04,2233356288.0,201,"1662
"
run_11_repetition_13,DONE,Gemini,cpp,SR,EE,5207.886,33662.806,13283.425,1946.703,7.407,7.407,11.111,5.714,5.714,5.714,7.407,5.714,7.619,7.619,3.922,7.407,2223155882.667,201,"1389
"
run_12_repetition_13,DONE,Gemini,haskell,PS,OG,5216.706,33726.618,13308.826,1946.703,72.798,2.778,2.143,3.571,2.083,2.738,2.143,2.083,2.083,2.778,2.083,3.378,2220191744.0,1201,"1307653
"
run_13_repetition_13,DONE,Gemini,haskell,PS,EE,5226.516,33805.981,13345.273,1946.703,10.714,5.714,5.714,5.714,7.407,11.111,3.922,5.556,5.714,7.407,5.714,5.714,2217182549.333,200,"2113875
"
run_14_repetition_13,DONE,Gemini,haskell,SR,OG,5237.133,33898.44,13391.235,1946.703,9.259,8.73,7.207,5.405,5.556,7.143,5.556,7.207,5.556,5.556,5.556,5.556,2212651008.0,200,"3307134
"
run_15_repetition_13,DONE,Gemini,haskell,SR,EE,5247.799,33991.139,13437.515,1946.724,5.882,11.391,7.619,7.407,5.714,7.302,5.882,5.714,5.714,5.714,5.714,3.922,2215611050.667,201,"3304909
"
run_16_repetition_13,DONE,Claude,cpp,PS,OG,5255.437,34035.969,13448.839,1946.724,5.714,3.922,11.765,7.619,5.882,5.714,5.714,7.407,5.714,7.619,5.509,5.882,2241437696.0,200,"4853
"
run_17_repetition_13,DONE,Claude,cpp,PS,EE,5262.982,34078.752,13458.772,1946.724,3.922,5.714,3.922,5.714,7.407,7.407,12.963,9.009,5.714,5.882,5.714,5.714,2243358720.0,200,"2313
"
run_18_repetition_13,DONE,Claude,cpp,SR,OG,5270.485,34121.783,13468.86,1946.724,7.302,5.714,5.714,12.963,5.714,3.81,5.556,5.714,4.04,7.407,7.407,7.207,2226092714.667,201,"1733
"
run_19_repetition_13,DONE,Claude,cpp,SR,EE,5278.037,34164.938,13479.145,1946.748,5.882,5.882,5.882,5.882,5.714,5.628,5.714,11.765,7.843,7.407,5.882,5.882,2230637909.333,200,"2868
"
run_20_repetition_13,DONE,Claude,haskell,PS,OG,5286.896,34229.76,13505.274,1946.748,2.434,2.402,1.905,3.616,1.27,1.852,1.852,2.402,2.469,1.27,68.016,1.852,2226341660.444,1401,"1307653
"
run_21_repetition_13,DONE,Claude,haskell,PS,EE,5296.659,34307.953,13540.772,1946.748,5.882,10.823,5.882,9.259,4.04,7.619,7.619,6.061,7.843,5.882,10.101,5.882,2225158826.667,201,"2118046
"
run_22_repetition_13,DONE,Claude,haskell,SR,OG,5307.411,34401.21,13587.182,1946.753,5.882,7.407,5.882,7.47,5.714,5.882,6.061,13.333,5.714,5.882,7.619,5.882,2220918101.333,201,"3304782
"
run_23_repetition_13,DONE,Claude,haskell,SR,EE,5318.119,34494.212,13633.634,1946.774,11.765,7.619,5.588,5.714,4.04,5.882,5.882,5.882,5.882,7.619,7.619,3.922,2214367232.0,200,"3305081
"
run_0_repetition_14,DONE,ChatGPT,cpp,PS,OG,5325.776,34539.17,13645.041,1946.774,5.714,5.556,5.714,7.619,5.714,12.398,5.714,5.882,5.714,5.714,5.714,5.714,2220422485.333,200,"4853
"
run_1_repetition_14,DONE,ChatGPT,cpp,PS,EE,5333.437,34583.616,13656.213,1946.774,10.526,7.207,7.207,5.556,5.556,5.556,5.556,5.397,5.405,9.009,5.405,5.405,2248402261.333,201,"4846
"
run_2_repetition_14,DONE,ChatGPT,cpp,SR,OG,5340.944,34626.609,13666.257,1946.774,7.407,9.804,5.714,3.922,5.882,5.556,5.714,7.407,3.81,5.714,5.714,5.714,2237431808.0,201,"1433
"
run_3_repetition_14,DONE,ChatGPT,cpp,SR,EE,5348.439,34668.765,13675.703,1946.798,7.302,3.81,7.207,5.556,3.704,5.556,5.405,5.556,5.556,3.81,3.81,12.281,2250002432.0,201,"1445
"
run_4_repetition_14,DONE,ChatGPT,haskell,PS,OG,5357.84,34741.932,13707.702,1946.799,8.081,6.061,5.882,7.619,7.843,6.061,7.843,11.688,5.882,10.882,4.04,6.061,2227418453.333,201,"2100663
"
run_5_repetition_14,DONE,ChatGPT,haskell,PS,EE,5367.227,34814.208,13739.102,1946.799,9.064,7.407,9.259,3.922,5.714,5.556,5.556,7.207,7.207,5.714,7.207,5.556,2218064554.667,201,"2100104
"
run_6_repetition_14,DONE,ChatGPT,haskell,SR,OG,5378.019,34908.878,13786.52,1946.822,5.405,5.714,5.556,7.207,7.207,5.556,5.556,7.207,5.556,11.111,7.407,3.81,2219532288.0,200,"3306900
"
run_7_repetition_14,DONE,ChatGPT,haskell,SR,EE,5388.703,35001.999,13833.154,1946.822,5.556,11.111,3.81,5.405,3.81,7.207,5.556,5.556,3.81,3.704,10.811,5.405,2214667605.333,201,"3307184
"
run_8_repetition_14,DONE,Gemini,cpp,PS,OG,5396.327,35046.465,13844.181,1946.822,6.061,5.882,7.619,7.619,5.882,7.619,10.101,7.619,5.882,5.882,6.061,6.061,2239365120.0,201,"4880
"
run_9_repetition_14,DONE,Gemini,cpp,PS,EE,5403.921,35090.644,13855.171,1946.823,5.556,12.613,7.207,5.714,3.81,7.207,5.556,5.556,5.556,5.556,5.556,5.405,2228951722.667,201,"4317
"
run_10_repetition_14,DONE,Gemini,cpp,SR,OG,5411.44,35133.2,13864.838,1946.846,5.714,7.207,7.407,22.207,5.556,5.714,7.407,9.524,5.556,5.556,7.207,5.714,2232751445.333,200,"1662
"
run_11_repetition_14,DONE,Gemini,cpp,SR,EE,5418.945,35175.962,13874.927,1946.846,3.922,5.714,5.714,5.714,5.714,7.619,5.882,7.407,7.619,11.111,7.619,7.619,2230644736.0,200,"1389
"
run_12_repetition_14,DONE,Gemini,haskell,PS,OG,5427.737,35240.09,13900.516,1946.846,2.778,2.857,2.143,2.143,2.143,2.206,2.857,3.459,2.143,2.143,4.167,74.018,2230385664.0,1201,"1307653
"
run_13_repetition_14,DONE,Gemini,haskell,PS,EE,5437.484,35319.623,13937.589,1946.846,7.843,7.843,11.012,8.081,6.061,6.061,7.843,10.101,7.843,6.061,6.25,6.061,2230988800.0,201,"2113875
"
run_14_repetition_14,DONE,Gemini,haskell,SR,OG,5448.116,35411.811,13983.357,1946.87,7.619,5.714,11.765,7.619,5.714,5.882,5.882,5.714,5.714,5.714,7.619,5.714,2233288021.333,201,"3307134
"
run_15_repetition_14,DONE,Gemini,haskell,SR,EE,5458.784,35504.845,14029.771,1946.87,11.429,5.714,5.714,5.714,7.619,5.714,5.714,7.302,7.407,5.714,5.714,7.619,2232427861.333,200,"3304909
"
run_16_repetition_14,DONE,Claude,cpp,PS,OG,5466.425,35549.091,14040.774,1946.87,7.843,6.061,6.25,6.061,7.843,10.417,6.061,6.061,7.843,7.843,6.25,6.061,2247086080.0,201,"4853
"
run_17_repetition_14,DONE,Claude,cpp,PS,EE,5473.955,35592.272,14050.898,1946.87,11.765,7.619,5.714,5.628,5.882,7.47,4.04,5.882,5.882,4.04,5.882,7.619,2245466794.667,201,"2313
"
run_18_repetition_14,DONE,Claude,cpp,SR,OG,5481.474,35634.52,14060.47,1946.893,11.429,5.714,7.619,3.922,7.407,7.302,5.714,3.922,5.714,5.714,7.407,3.81,2231739733.333,201,"1733
"
run_19_repetition_14,DONE,Claude,cpp,SR,EE,5489.066,35677.986,14071.059,1946.894,7.619,5.882,7.619,5.882,7.619,7.619,5.882,4.04,11.765,5.882,7.619,6.061,2251329536.0,201,"2868
"
run_20_repetition_14,DONE,Claude,haskell,PS,OG,5497.893,35742.106,14096.457,1946.894,44.018,2.801,2.778,2.857,2.778,4.286,32.778,3.571,1.515,2.143,2.206,2.206,2235223040.0,1201,"1307653
"
run_21_repetition_14,DONE,Claude,haskell,PS,EE,5507.602,35820.532,14132.392,1946.894,11.176,6.061,6.25,6.25,10.417,5.754,6.061,7.843,6.061,6.25,6.25,7.843,2214942037.333,200,"2118046
"
run_22_repetition_14,DONE,Claude,haskell,SR,OG,5518.24,35912.535,14178.069,1946.916,5.628,7.843,7.843,7.843,6.061,6.061,5.882,7.619,6.061,5.882,13.333,6.061,2227791189.333,201,"3304782
"
run_23_repetition_14,DONE,Claude,haskell,SR,EE,5528.879,36005.276,14224.274,1946.916,5.882,7.302,5.882,4.04,5.882,11.765,5.882,3.922,5.714,5.882,5.714,7.407,2224215381.333,201,"3305081
"
run_0_repetition_15,DONE,ChatGPT,cpp,PS,OG,5536.521,36049.421,14235.173,1946.916,3.81,5.556,5.405,5.556,7.072,5.405,5.405,5.405,7.207,10.811,5.714,5.405,2225721344.0,201,"4853
"
run_1_repetition_15,DONE,ChatGPT,cpp,PS,EE,5544.146,36094.066,14246.437,1946.916,7.843,7.843,7.843,6.061,6.061,7.843,12.121,7.843,8.081,6.061,6.061,7.843,2247860224.0,200,"4846
"
run_2_repetition_15,DONE,ChatGPT,cpp,SR,OG,5551.669,36136.36,14255.938,1946.94,5.556,5.556,5.556,5.405,5.556,5.714,7.207,11.111,7.143,5.405,5.405,8.772,2233300309.333,200,"1433
"
run_3_repetition_15,DONE,ChatGPT,cpp,SR,EE,5559.154,36179.352,14266.056,1946.94,10.417,6.061,7.843,6.061,7.843,6.061,6.061,6.061,4.167,7.648,7.843,7.843,2234094933.333,200,"1445
"
run_4_repetition_15,DONE,ChatGPT,haskell,PS,OG,5568.553,36251.787,14297.583,1946.941,7.407,10.741,5.714,7.619,7.407,11.111,7.619,5.714,4.04,5.714,5.714,5.714,2218658474.667,201,"2100663
"
run_5_repetition_15,DONE,ChatGPT,haskell,PS,EE,5578.005,36324.807,14329.269,1946.941,10.741,5.714,5.882,5.882,5.714,7.619,5.714,11.111,3.922,5.882,7.407,5.714,2229897898.667,200,"2100104
"
run_6_repetition_15,DONE,ChatGPT,haskell,SR,OG,5588.632,36416.914,14375.08,1946.965,5.714,11.111,7.619,5.714,5.714,7.407,7.619,5.714,5.714,3.922,5.714,5.714,2216435712.0,201,"3306900
"
run_7_repetition_15,DONE,ChatGPT,haskell,SR,EE,5599.302,36509.48,14420.929,1946.965,7.207,5.556,7.407,5.556,5.556,8.795,5.556,5.714,5.556,5.556,3.81,11.111,2214593877.333,200,"3307184
"
run_8_repetition_15,DONE,Gemini,cpp,PS,OG,5606.932,36554.112,14432.314,1946.965,5.405,5.556,5.714,9.43,7.018,7.207,7.018,8.772,5.556,5.556,8.795,5.556,2239721472.0,200,"4880
"
run_9_repetition_15,DONE,Gemini,cpp,PS,EE,5614.537,36598.197,14443.128,1946.99,5.882,13.333,5.882,4.04,7.619,5.714,5.714,5.882,5.714,5.882,7.407,3.922,2237132800.0,200,"4317
"
run_10_repetition_15,DONE,Gemini,cpp,SR,OG,5622.025,36640.636,14452.925,1946.99,5.882,8.081,9.804,4.167,19.917,9.43,5.882,7.619,5.882,6.061,6.061,4.167,2228787882.667,200,"1662
"
run_11_repetition_15,DONE,Gemini,cpp,SR,EE,5629.527,36683.758,14463.104,1946.99,5.556,5.556,5.714,7.407,5.714,9.009,5.714,9.524,5.556,5.714,3.81,5.714,2231182677.333,201,"1389
"
run_12_repetition_15,DONE,Gemini,haskell,PS,OG,5638.391,36748.205,14488.938,1946.99,2.469,1.852,2.469,72.46,2.469,1.307,3.268,2.469,2.54,1.905,1.852,1.307,2225679473.778,1401,"1307653
"
run_13_repetition_15,DONE,Gemini,haskell,PS,EE,5648.208,36827.405,14525.152,1947.014,10.101,5.882,5.882,7.619,4.04,7.407,5.882,5.714,7.843,10.644,7.843,3.922,2232378709.333,201,"2113875
"
run_14_repetition_15,DONE,Gemini,haskell,SR,OG,5658.928,36920.143,14571.477,1947.014,9.259,5.556,5.556,5.714,5.556,8.995,5.556,3.81,5.556,7.407,7.143,5.556,2227918165.333,201,"3307134
"
run_15_repetition_15,DONE,Gemini,haskell,SR,EE,5669.606,37013.551,14618.193,1947.015,3.922,4.04,11.429,7.619,7.381,4.04,5.714,7.407,5.882,5.882,7.619,5.714,2218812757.333,200,"3304909
"
run_16_repetition_15,DONE,Claude,cpp,PS,OG,5677.254,37058.545,14629.625,1947.015,5.882,5.714,5.714,5.882,7.619,7.549,4.04,4.04,4.04,10.101,7.619,5.882,2234429440.0,200,"4853
"
run_17_repetition_15,DONE,Claude,cpp,PS,EE,5684.784,37101.344,14639.62,1947.039,5.714,5.714,5.714,5.714,5.714,5.714,5.714,5.714,7.619,5.714,5.714,11.429,2230901418.667,200,"2313
"
run_18_repetition_15,DONE,Claude,cpp,SR,OG,5692.257,37143.314,14649.004,1947.039,6.25,13.333,7.727,6.061,6.25,9.668,6.25,4.167,8.081,9.804,8.081,6.25,2248234325.333,201,"1733
"
run_19_repetition_15,DONE,Claude,cpp,SR,EE,5699.803,37186.719,14659.287,1947.039,5.556,5.714,5.714,11.111,7.407,5.882,3.922,5.714,5.556,5.556,7.407,5.714,2245578752.0,200,"2868
"
run_20_repetition_15,DONE,Claude,haskell,PS,OG,5708.586,37250.78,14684.802,1947.039,75.952,2.778,2.143,2.778,2.143,3.373,2.703,2.778,2.143,2.143,2.857,4.167,2240520704.0,1201,"1307653
"
run_21_repetition_15,DONE,Claude,haskell,PS,EE,5718.324,37328.97,14720.61,1947.064,5.882,7.619,7.407,5.714,5.714,12.963,7.407,5.882,7.407,10.952,5.882,5.714,2229552469.333,200,"2118046
"
run_22_repetition_15,DONE,Claude,haskell,SR,OG,5728.991,37422.414,14767.417,1947.065,5.882,5.882,5.588,5.882,7.407,5.714,5.714,11.765,7.619,5.714,7.619,5.882,2222089557.333,201,"3304782
"
run_23_repetition_15,DONE,Claude,haskell,SR,EE,5739.613,37514.542,14813.309,1947.065,7.407,7.619,5.882,7.619,5.714,7.619,9.009,7.619,7.407,5.714,11.765,5.714,2223403008.0,200,"3305081
"
run_0_repetition_16,DONE,ChatGPT,cpp,PS,OG,5747.262,37559.208,14824.424,1947.065,7.207,9.259,5.556,5.556,7.207,10.382,3.81,5.556,5.714,5.556,5.556,5.405,2230890496.0,201,"4853
"
run_1_repetition_16,DONE,ChatGPT,cpp,PS,EE,5754.895,37603.379,14835.38,1947.087,5.882,5.714,5.882,11.765,5.882,5.882,5.882,5.882,5.882,5.714,5.714,6.061,2232913920.0,201,"4846
"
run_2_repetition_16,DONE,ChatGPT,cpp,SR,OG,5762.394,37646.048,14845.212,1947.088,5.882,5.714,11.429,5.882,3.922,5.882,5.882,3.922,5.882,5.714,5.714,9.524,2238268757.333,201,"1433
"
run_3_repetition_16,DONE,ChatGPT,cpp,SR,EE,5769.882,37688.273,14854.668,1947.088,5.714,7.407,5.714,5.714,7.407,5.476,7.407,5.714,5.714,11.429,7.407,7.407,2228805632.0,201,"1445
"
run_4_repetition_16,DONE,ChatGPT,haskell,PS,OG,5779.327,37762.567,14887.655,1947.088,7.619,11.765,5.714,5.714,5.714,9.259,5.882,7.302,5.882,9.223,5.714,5.882,2229077333.333,200,"2100663
"
run_5_repetition_16,DONE,ChatGPT,haskell,PS,EE,5788.733,37834.762,14918.921,1947.11,7.843,5.882,5.882,10.101,9.216,6.061,5.882,6.061,5.882,5.882,7.619,5.882,2228326400.0,200,"2100104
"
run_6_repetition_16,DONE,ChatGPT,haskell,SR,OG,5799.358,37927.295,14965.015,1947.111,5.714,5.714,5.714,5.556,7.207,7.381,7.407,7.407,3.81,9.804,5.714,5.714,2218992981.333,200,"3306900
"
run_7_repetition_16,DONE,ChatGPT,haskell,SR,EE,5809.967,38019.087,15010.616,1947.111,5.714,13.016,5.714,5.714,7.407,5.714,5.714,3.922,5.714,5.882,7.407,3.922,2220736512.0,201,"3307184
"
run_8_repetition_16,DONE,Gemini,cpp,PS,OG,5817.635,38064.096,15022.03,1947.136,11.111,5.882,3.922,7.619,5.714,7.47,5.714,3.922,5.714,5.714,5.882,3.922,2218901504.0,201,"4880
"
run_9_repetition_16,DONE,Gemini,cpp,PS,EE,5825.219,38107.716,15032.618,1947.136,5.714,4.04,7.619,7.843,4.04,6.061,6.061,5.882,4.04,3.922,7.619,13.333,2230157312.0,200,"4317
"
run_10_repetition_16,DONE,Gemini,cpp,SR,OG,5832.764,38150.638,15042.647,1947.136,5.882,27.963,5.714,5.882,7.619,6.061,5.882,5.714,5.882,5.882,7.619,5.882,2231287808.0,201,"1662
"
run_11_repetition_16,DONE,Gemini,cpp,SR,EE,5840.289,38193.322,15052.658,1947.136,5.882,7.619,4.04,6.061,5.882,7.619,5.882,9.804,5.882,5.882,9.524,7.843,2232545280.0,201,"1389
"
run_12_repetition_16,DONE,Gemini,haskell,PS,OG,5849.109,38257.604,15078.274,1947.136,2.857,2.778,2.143,2.143,2.857,2.143,1.429,2.143,3.571,2.143,2.778,74.511,2228370432.0,1201,"1307653
"
run_13_repetition_16,DONE,Gemini,haskell,PS,EE,5858.821,38335.386,15113.74,1947.16,10.101,7.843,9.394,6.061,4.04,7.619,9.259,5.882,7.619,4.04,5.882,7.619,2236593493.333,201,"2113875
"
run_14_repetition_16,DONE,Gemini,haskell,SR,OG,5869.442,38427.517,15159.354,1947.16,7.843,4.04,6.061,5.882,7.843,7.843,8.081,14.921,7.619,6.061,9.524,5.882,2219032576.0,201,"3307134
"
run_15_repetition_16,DONE,Gemini,haskell,SR,EE,5880.054,38519.848,15205.259,1947.16,7.619,5.882,11.765,9.091,5.882,6.061,5.882,5.882,5.882,7.619,5.882,6.061,2232751445.333,200,"3304909
"
run_16_repetition_16,DONE,Claude,cpp,PS,OG,5887.692,38564.589,15216.526,1947.185,5.882,5.714,5.714,11.429,5.714,7.619,7.619,5.714,7.619,5.882,7.619,5.882,2233247061.333,201,"4853
"
run_17_repetition_16,DONE,Claude,cpp,PS,EE,5895.234,38607.599,15226.705,1947.185,7.407,11.429,7.302,5.714,7.619,5.714,9.009,5.714,5.714,7.407,7.407,5.714,2233054549.333,200,"2313
"
run_18_repetition_16,DONE,Claude,cpp,SR,OG,5902.727,38650.515,15236.719,1947.185,5.714,5.556,5.714,12.398,5.556,7.407,7.207,5.714,5.714,5.714,7.222,5.714,2228480682.667,201,"1733
"
run_19_repetition_16,DONE,Claude,cpp,SR,EE,5910.271,38693.299,15246.597,1947.185,11.429,5.882,5.882,7.843,4.04,7.843,5.882,5.882,5.882,7.843,5.882,4.04,2232268117.333,201,"2868
"
run_20_repetition_16,DONE,Claude,haskell,PS,OG,5919.087,38757.472,15272.099,1947.21,2.703,72.096,2.083,2.778,1.471,3.373,4.762,2.143,1.471,2.143,2.708,2.143,2232813568.0,1201,"1307653
"
run_21_repetition_16,DONE,Claude,haskell,PS,EE,5928.827,38835.321,15307.597,1947.21,5.556,7.207,5.714,3.81,7.207,8.795,3.704,5.556,12.613,11.905,5.556,5.556,2227885397.333,201,"2118046
"
run_22_repetition_16,DONE,Claude,haskell,SR,OG,5939.483,38927.605,15353.231,1947.21,5.882,11.429,5.882,5.882,6.061,7.843,5.882,7.407,4.04,4.04,5.882,5.882,2223338837.333,201,"3304782
"
run_23_repetition_16,DONE,Claude,haskell,SR,EE,5950.149,39021.598,15400.76,1947.21,10.811,5.397,7.207,9.009,7.207,7.207,7.207,5.556,5.405,7.207,7.207,3.81,2219118592.0,200,"3305081
"
run_0_repetition_17,DONE,ChatGPT,cpp,PS,OG,5957.821,39066.93,15412.841,1947.235,6.061,6.061,5.882,10.417,6.061,6.061,6.061,6.061,6.061,5.882,7.619,4.167,2245073578.667,201,"4853
"
run_1_repetition_17,DONE,ChatGPT,cpp,PS,EE,5965.484,39111.556,15424.068,1947.235,3.922,5.556,5.556,5.556,7.207,8.772,12.281,5.714,5.405,5.556,9.524,5.714,2250017450.667,200,"4846
"
run_2_repetition_17,DONE,ChatGPT,cpp,SR,OG,5972.959,39153.93,15433.637,1947.235,5.556,5.882,13.333,5.882,7.619,5.882,5.714,5.882,5.882,5.882,9.206,7.619,2240780970.667,201,"1433
"
run_3_repetition_17,DONE,ChatGPT,cpp,SR,EE,5980.432,39196.465,15443.504,1947.235,5.882,5.882,5.714,5.882,7.843,5.882,11.765,6.061,7.619,7.47,7.619,4.04,2225325397.333,200,"1445
"
run_4_repetition_17,DONE,ChatGPT,haskell,PS,OG,5989.835,39268.909,15474.835,1947.26,5.882,10.101,4.04,10.644,5.714,9.206,4.04,7.619,5.714,5.714,7.619,7.619,2222665728.0,200,"2100663
"
run_5_repetition_17,DONE,ChatGPT,haskell,PS,EE,5999.221,39340.898,15505.922,1947.261,7.407,5.714,5.882,9.524,5.882,7.619,9.524,5.882,7.407,12.963,12.381,5.714,2219913216.0,201,"2100104
"
run_6_repetition_17,DONE,ChatGPT,haskell,SR,OG,6009.926,39433.451,15552.062,1947.261,7.407,5.714,5.556,3.81,3.922,11.429,5.882,7.302,5.714,5.556,7.407,5.714,2213573973.333,201,"3306900
"
run_7_repetition_17,DONE,ChatGPT,haskell,SR,EE,6020.639,39526.628,15598.331,1947.286,8.745,5.714,5.714,7.407,7.407,8.995,7.407,7.619,7.207,7.407,5.714,10.811,2214671701.333,201,"3307184
"
run_8_repetition_17,DONE,Gemini,cpp,PS,OG,6028.262,39570.745,15609.266,1947.286,3.922,5.714,10.101,7.619,5.714,5.714,5.714,7.407,5.714,7.407,5.714,5.882,2241593344.0,201,"4880
"
run_9_repetition_17,DONE,Gemini,cpp,PS,EE,6035.836,39614.746,15620.036,1947.286,7.619,7.407,11.429,5.714,5.588,5.714,7.619,7.407,7.407,5.714,5.714,7.619,2243925333.333,200,"4317
"
run_10_repetition_17,DONE,Gemini,cpp,SR,OG,6043.306,39656.878,15629.604,1947.286,8.333,14.141,6.25,6.25,6.25,23.954,6.061,6.25,6.25,6.25,6.25,6.061,2245033984.0,201,"1662
"
run_11_repetition_17,DONE,Gemini,cpp,SR,EE,6050.8,39699.739,15639.601,1947.286,7.619,7.47,5.882,5.882,5.882,7.47,4.04,5.714,5.882,5.882,5.882,11.765,2236059648.0,201,"1389
"
run_12_repetition_17,DONE,Gemini,haskell,PS,OG,6059.604,39763.48,15664.965,1947.311,2.206,74.075,2.778,2.143,2.143,4.762,2.143,2.778,2.143,2.206,2.143,2.778,2232790016.0,1201,"1307653
"
run_13_repetition_17,DONE,Gemini,haskell,PS,EE,6069.337,39842.396,15701.333,1947.311,7.619,4.04,5.882,9.223,5.714,5.882,5.714,7.619,9.804,5.882,5.882,5.882,2231686485.333,201,"2113875
"
run_14_repetition_17,DONE,Gemini,haskell,SR,OG,6079.959,39934.6,15747.288,1947.311,6.061,5.882,5.882,5.882,5.628,5.714,7.47,5.714,7.407,10.811,5.882,5.714,2223800320.0,200,"3307134
"
run_15_repetition_17,DONE,Gemini,haskell,SR,EE,6090.616,40027.081,15793.122,1947.336,7.302,4.04,5.882,7.407,5.882,5.882,5.882,7.619,5.714,3.922,5.714,12.963,2223742976.0,201,"3304909
"
run_16_repetition_17,DONE,Claude,cpp,PS,OG,6098.255,40071.124,15803.955,1947.336,5.714,5.714,7.407,7.619,5.714,5.714,3.922,5.714,5.714,5.714,11.429,3.922,2244044117.333,200,"4853
"
run_17_repetition_17,DONE,Claude,cpp,PS,EE,6105.811,40114.478,15814.201,1947.336,5.556,5.714,5.556,5.714,3.922,13.016,5.714,5.556,7.407,5.556,5.714,5.714,2236988074.667,200,"2313
"
run_18_repetition_17,DONE,Claude,cpp,SR,OG,6113.303,40157.166,15824.227,1947.336,4.04,5.882,5.882,5.882,5.882,6.061,6.061,11.765,7.619,4.04,5.882,5.882,2225328128.0,200,"1733
"
run_19_repetition_17,DONE,Claude,cpp,SR,EE,6120.86,40200.649,15834.553,1947.336,5.882,7.619,6.061,5.714,5.714,5.882,7.407,11.765,5.714,4.04,5.882,5.714,2242347008.0,201,"2868
"
run_20_repetition_17,DONE,Claude,haskell,PS,OG,6129.772,40265.799,15860.683,1947.361,1.852,1.852,2.331,1.852,3.704,70.127,2.402,2.402,1.852,1.852,1.852,1.27,2239635000.889,1401,"1307653
"
run_21_repetition_17,DONE,Claude,haskell,PS,EE,6139.553,40344.659,15896.716,1947.361,5.714,7.619,5.714,11.429,5.714,12.407,7.407,5.556,7.207,7.407,5.714,5.714,2224491178.667,200,"2118046
"
run_22_repetition_17,DONE,Claude,haskell,SR,OG,6150.226,40437.328,15942.88,1947.362,7.018,9.259,5.556,5.714,7.407,8.795,7.207,10.811,5.556,7.072,5.556,5.556,2212145834.667,200,"3304782
"
run_23_repetition_17,DONE,Claude,haskell,SR,EE,6160.883,40529.87,15988.85,1947.387,5.882,5.714,7.407,5.714,5.882,5.714,5.714,12.963,7.407,5.882,5.882,5.714,2215428096.0,201,"3305081
"
run_0_repetition_18,DONE,ChatGPT,cpp,PS,OG,6168.516,40573.973,15999.679,1947.387,11.765,5.714,7.207,7.207,7.407,7.207,7.407,11.111,7.207,7.619,5.556,8.772,2238502229.333,201,"4853
"
run_1_repetition_18,DONE,ChatGPT,cpp,PS,EE,6176.145,40618.283,16010.611,1947.387,6.061,6.061,7.47,5.882,7.619,10.101,4.04,7.619,5.882,5.882,4.04,5.882,2234347520.0,201,"4846
"
run_2_repetition_18,DONE,ChatGPT,cpp,SR,OG,6183.673,40660.945,16020.685,1947.388,11.429,5.714,7.619,5.882,4.04,5.882,5.882,4.04,5.882,7.47,5.882,7.619,2232729600.0,201,"1433
"
run_3_repetition_18,DONE,ChatGPT,cpp,SR,EE,6191.178,40703.385,16030.33,1947.413,11.765,5.882,3.922,5.714,5.882,7.619,5.882,4.04,7.619,4.04,5.882,5.714,2243974485.333,201,"1445
"
run_4_repetition_18,DONE,ChatGPT,haskell,PS,OG,6200.595,40775.935,16061.902,1947.413,4.04,7.843,10.101,4.04,5.882,4.167,6.061,7.619,5.882,10.882,7.843,7.843,2233906517.333,201,"2100663
"
run_5_repetition_18,DONE,ChatGPT,haskell,PS,EE,6210.004,40848.373,16093.146,1947.413,10.417,5.882,7.619,7.619,9.391,7.619,7.843,5.882,7.843,7.843,6.061,7.619,2226394453.333,200,"2100104
"
run_6_repetition_18,DONE,ChatGPT,haskell,SR,OG,6220.6,40940.788,16139.151,1947.413,4.04,7.619,6.061,12.121,4.167,7.619,5.882,5.882,4.167,6.061,8.081,6.061,2222957909.333,201,"3306900
"
run_7_repetition_18,DONE,ChatGPT,haskell,SR,EE,6231.212,41032.214,16184.373,1947.436,11.765,7.648,4.04,5.882,7.619,5.882,5.882,5.882,5.882,5.882,7.843,6.061,2220500309.333,200,"3307184
"
run_8_repetition_18,DONE,Gemini,cpp,PS,OG,6238.888,41077.47,16196.031,1947.436,11.111,5.405,5.556,5.556,5.405,7.207,5.556,7.222,5.556,5.405,5.556,5.556,2248668501.333,200,"4880
"
run_9_repetition_18,DONE,Gemini,cpp,PS,EE,6246.482,41121.051,16206.598,1947.436,5.556,5.556,7.018,5.405,11.111,8.684,5.405,5.405,5.405,7.207,5.556,5.556,2252696234.667,200,"4317
"
run_10_repetition_18,DONE,Gemini,cpp,SR,OG,6253.975,41163.919,16216.654,1947.436,5.714,7.619,6.061,4.04,20.882,5.882,4.04,4.04,5.714,9.804,5.714,7.619,2244009984.0,201,"1662
"
run_11_repetition_18,DONE,Gemini,cpp,SR,EE,6261.488,41206.623,16226.654,1947.461,5.714,7.207,9.804,5.714,7.407,5.714,5.714,5.714,5.714,7.407,5.714,7.407,2233886037.333,200,"1389
"
run_12_repetition_18,DONE,Gemini,haskell,PS,OG,6270.343,41270.917,16252.316,1947.461,1.852,1.852,3.704,70.714,1.852,3.086,1.905,3.006,1.852,1.27,2.402,2.469,2239959040.0,1401,"1307653
"
run_13_repetition_18,DONE,Gemini,haskell,PS,EE,6280.114,41349.122,16287.793,1947.461,11.429,5.714,7.619,7.407,7.407,7.619,5.714,7.407,5.882,8.922,5.882,5.882,2226995200.0,201,"2113875
"
run_14_repetition_18,DONE,Gemini,haskell,SR,OG,6290.828,41442.634,16334.468,1947.475,5.714,5.714,7.407,7.619,7.407,12.963,7.407,7.407,7.407,5.714,5.714,7.407,2224047445.333,200,"3307134
"
run_15_repetition_18,DONE,Gemini,haskell,SR,EE,6301.479,41534.527,16380.067,1947.486,7.018,5.405,5.556,7.207,5.405,5.405,5.405,8.58,7.018,5.405,7.207,10.526,2228822016.0,200,"3304909
"
run_16_repetition_18,DONE,Claude,cpp,PS,OG,6309.114,41579.37,16391.427,1947.486,11.429,5.714,5.714,7.619,5.714,5.714,7.302,5.714,5.714,5.714,5.882,5.556,2237882368.0,200,"4853
"
run_17_repetition_18,DONE,Claude,cpp,PS,EE,6316.65,41622.126,16401.366,1947.486,4.04,5.882,5.714,7.619,4.04,13.333,5.882,5.882,5.714,5.714,7.619,7.619,2246873088.0,200,"2313
"
run_18_repetition_18,DONE,Claude,cpp,SR,OG,6324.15,41664.82,16411.179,1947.486,7.381,5.882,5.882,7.47,5.882,11.765,3.922,5.882,7.619,3.922,7.407,5.882,2246766592.0,201,"1733
"
run_19_repetition_18,DONE,Claude,cpp,SR,EE,6331.714,41707.918,16421.335,1947.51,5.714,5.714,7.407,5.882,5.714,7.619,5.714,7.207,3.922,5.714,11.429,5.714,2237000362.667,201,"2868
"
run_20_repetition_18,DONE,Claude,haskell,PS,OG,6340.529,41772.209,16447.015,1947.51,4.286,2.778,2.857,2.778,74.206,2.206,2.778,2.778,2.778,2.206,1.471,2.206,2228006400.0,1201,"1307653
"
run_21_repetition_18,DONE,Claude,haskell,PS,EE,6350.233,41849.821,16482.351,1947.51,5.556,3.81,5.556,9.259,5.556,5.556,5.714,5.556,5.556,7.207,8.81,5.714,2220909909.333,200,"2118046
"
run_22_repetition_18,DONE,Claude,haskell,SR,OG,6361.053,41944.292,16529.683,1947.535,3.922,5.882,7.381,7.619,7.407,5.714,7.619,13.016,5.714,5.882,5.882,5.714,2217592149.333,200,"3304782
"
run_23_repetition_18,DONE,Claude,haskell,SR,EE,6371.676,42036.122,16575.231,1947.535,5.405,7.207,12.613,7.207,7.407,5.556,5.405,10.811,7.407,7.407,7.207,5.556,2221142016.0,200,"3305081
"
run_0_repetition_19,DONE,ChatGPT,cpp,PS,OG,6379.311,42080.47,16586.135,1947.535,3.81,5.714,5.714,5.714,5.714,3.922,5.714,7.619,5.714,9.804,5.509,5.714,2239371946.667,201,"4853
"
run_1_repetition_19,DONE,ChatGPT,cpp,PS,EE,6386.938,42124.829,16597.152,1947.535,5.882,7.407,4.04,5.882,5.882,7.619,7.407,11.111,9.524,5.882,3.922,5.882,2246676480.0,201,"4846
"
run_2_repetition_19,DONE,ChatGPT,cpp,SR,OG,6394.427,42167.021,16606.585,1947.559,6.061,6.061,5.882,7.843,5.882,6.061,11.765,5.882,7.619,6.061,6.061,5.882,2238137685.333,201,"1433
"
run_3_repetition_19,DONE,ChatGPT,cpp,SR,EE,6401.903,42208.752,16615.727,1947.56,5.882,3.922,5.714,5.882,7.619,7.407,7.619,5.714,5.714,12.963,9.074,5.882,2231059797.333,200,"1445
"
run_4_repetition_19,DONE,ChatGPT,haskell,PS,OG,6411.316,42281.836,16647.646,1947.56,5.714,5.556,11.429,10.741,7.407,7.407,5.714,5.714,7.207,7.407,9.009,7.207,2225942528.0,201,"2100663
"
run_5_repetition_19,DONE,ChatGPT,haskell,PS,EE,6420.712,42354.594,16679.336,1947.56,10.882,5.882,7.619,7.619,5.882,5.882,7.619,5.714,4.04,5.882,7.619,11.429,2231027029.333,200,"2100104
"
run_6_repetition_19,DONE,ChatGPT,haskell,SR,OG,6431.344,42446.568,16724.921,1947.584,5.556,7.407,3.81,5.556,5.714,5.714,7.407,7.207,5.714,5.714,9.804,5.556,2232223061.333,201,"3306900
"
run_7_repetition_19,DONE,ChatGPT,haskell,SR,EE,6441.948,42538.789,16770.711,1947.584,7.619,7.407,5.714,7.207,12.963,5.714,3.922,5.714,5.556,7.207,7.407,5.714,2214699008.0,201,"3307184
"
run_8_repetition_19,DONE,Gemini,cpp,PS,OG,6449.577,42582.727,16781.43,1947.584,7.407,5.714,7.407,4.04,5.714,7.47,5.714,9.804,5.714,5.714,5.714,5.882,2233987072.0,201,"4880
"
run_9_repetition_19,DONE,Gemini,cpp,PS,EE,6457.178,42627.567,16792.978,1947.584,5.714,7.407,5.714,7.407,5.714,5.714,7.619,11.111,5.588,5.556,5.714,5.714,2233786368.0,201,"4317
"
run_10_repetition_19,DONE,Gemini,cpp,SR,OG,6464.702,42670.159,16802.811,1947.607,5.714,7.843,7.407,5.882,5.714,7.619,5.882,11.765,7.619,4.04,22.619,5.882,2239213568.0,200,"1662
"
run_11_repetition_19,DONE,Gemini,cpp,SR,EE,6472.19,42712.541,16812.56,1947.607,12.121,7.619,6.061,6.061,6.061,6.061,7.843,6.061,7.843,6.061,7.843,4.04,2225734997.333,201,"1389
"
run_12_repetition_19,DONE,Gemini,haskell,PS,OG,6481.01,42776.529,16837.864,1947.607,2.143,2.143,2.778,2.143,2.703,2.778,2.143,1.471,4.167,72.768,2.703,3.378,2233364992.0,1201,"1307653
"
run_13_repetition_19,DONE,Gemini,haskell,PS,EE,6490.711,42854.399,16873.261,1947.607,9.259,7.619,9.216,7.619,9.259,7.619,5.714,5.714,5.882,5.882,9.804,6.061,2227991893.333,201,"2113875
"
run_14_repetition_19,DONE,Gemini,haskell,SR,OG,6501.323,42945.973,16918.609,1947.629,12.963,7.207,3.922,5.714,7.407,7.302,5.556,3.81,7.407,7.207,7.207,3.81,2225423701.333,201,"3307134
"
run_15_repetition_19,DONE,Gemini,haskell,SR,EE,6511.957,43038.419,16964.601,1947.629,7.207,3.922,11.111,5.556,7.207,3.81,5.556,5.556,5.556,7.407,7.407,7.407,2225631232.0,201,"3304909
"
run_16_repetition_19,DONE,Claude,cpp,PS,OG,6519.606,43082.613,16975.514,1947.63,9.009,3.81,5.405,5.405,3.81,5.405,5.556,7.018,9.259,5.397,5.556,7.018,2268123136.0,200,"4853
"
run_17_repetition_19,DONE,Claude,cpp,PS,EE,6527.173,43126.125,16985.839,1947.63,5.882,7.619,7.407,5.509,9.259,7.407,3.922,11.429,3.922,7.407,7.619,5.714,2244961621.333,201,"2313
"
run_18_repetition_19,DONE,Claude,cpp,SR,OG,6534.75,43168.723,16995.738,1947.653,7.619,5.882,11.765,5.882,7.47,7.648,7.619,5.882,7.619,5.882,7.619,4.04,2241675264.0,201,"1733
"
run_19_repetition_19,DONE,Claude,cpp,SR,EE,6542.282,43212.067,17006.033,1947.653,7.619,11.765,5.882,5.882,7.619,5.882,4.04,5.882,7.407,5.882,7.619,3.922,2255552512.0,200,"2868
"
run_20_repetition_19,DONE,Claude,haskell,PS,OG,6551.168,43276.725,17032.036,1947.653,67.381,1.905,1.905,1.905,1.307,2.54,1.27,1.307,1.27,1.852,1.905,3.143,2230499555.556,1401,"1307653
"
run_21_repetition_19,DONE,Claude,haskell,PS,EE,6560.955,43354.779,17067.244,1947.653,5.882,4.167,10.882,12.963,5.882,7.843,6.061,6.061,6.061,5.882,6.061,5.882,2226341205.333,200,"2118046
"
run_22_repetition_19,DONE,Claude,haskell,SR,OG,6571.583,43446.636,17112.642,1947.676,8.081,12.903,6.25,9.804,6.25,5.968,6.25,8.081,6.25,6.25,8.081,6.25,2231469397.333,201,"3304782
"
run_23_repetition_19,DONE,Claude,haskell,SR,EE,6582.177,43538.75,17158.41,1947.676,11.111,5.714,5.714,7.407,5.714,7.407,5.714,5.714,5.714,7.619,5.714,5.882,2218420906.667,200,"3305081
"
